risk_pct,capital,draws,return_pct_p2.5,return_pct_p50,return_pct_p97.5,marked_dd_pct_p2.5,marked_dd_pct_p50,marked_dd_pct_p97.5,final_balance_p2.5,final_balance_p50,final_balance_p97.5,resample_positive_fraction
1.0,500,2000,-32.51848341573869,8.239800374087048,76.17736343498414,11.740299145148471,21.524366341539377,40.88736801087567,337.4075829213066,541.1990018704353,880.8868171749208,0.6305
1.0,1000,2000,-32.51848341573869,8.239800374087048,76.17736343498414,11.740299145148471,21.524366341539377,40.88736801087567,674.8151658426132,1082.3980037408705,1761.7736343498416,0.6305
1.0,1500,2000,-32.51848341573869,8.239800374087048,76.17736343498414,11.740299145148471,21.524366341539377,40.88736801087567,1012.2227487639196,1623.5970056113056,2642.6604515247623,0.6305
1.0,2000,2000,-32.51848341573869,8.239800374087048,76.17736343498414,11.740299145148471,21.524366341539377,40.88736801087567,1349.6303316852263,2164.796007481741,3523.547268699683,0.6305
1.0,2500,2000,-32.51848341573869,8.239800374087048,76.17736343498414,11.740299145148471,21.524366341539377,40.88736801087567,1687.0379146065327,2705.995009352176,4404.434085874604,0.6305
1.0,3000,2000,-32.51848341573869,8.239800374087048,76.17736343498414,11.740299145148471,21.524366341539377,40.88736801087567,2024.4454975278393,3247.194011222611,5285.3209030495245,0.6305
2.0,500,2000,-56.452827136110464,11.536940162738707,191.82561083068398,22.55071183578245,39.413339141096166,66.44053919057785,217.73586431944764,557.6847008136936,1459.12805415342,0.593
2.0,1000,2000,-56.452827136110464,11.536940162738707,191.82561083068398,22.55071183578245,39.413339141096166,66.44053919057785,435.4717286388953,1115.369401627387,2918.25610830684,0.593
2.0,1500,2000,-56.452827136110464,11.536940162738707,191.82561083068398,22.55071183578245,39.413339141096166,66.44053919057785,653.207592958343,1673.0541024410804,4377.38416246026,0.593
2.0,2000,2000,-56.452827136110464,11.536940162738707,191.82561083068398,22.55071183578245,39.413339141096166,66.44053919057785,870.9434572777906,2230.738803254774,5836.51221661368,0.593
2.0,2500,2000,-56.452827136110464,11.536940162738707,191.82561083068398,22.55071183578245,39.413339141096166,66.44053919057785,1088.6793215972382,2788.4235040684675,7295.6402707671,0.593
2.0,3000,2000,-56.452827136110464,11.536940162738707,191.82561083068398,22.55071183578245,39.413339141096166,66.44053919057785,1306.415185916686,3346.108204882161,8754.76832492052,0.593
3.0,500,2000,-73.31532575148945,9.16059015727857,355.05560855790327,32.162300297792854,54.13240974978794,81.3740416764139,133.42337124255278,545.8029507863928,2275.278042789517,0.55
3.0,1000,2000,-73.31532575148945,9.16059015727857,355.05560855790327,32.162300297792854,54.13240974978794,81.3740416764139,266.84674248510555,1091.6059015727856,4550.556085579034,0.55
3.0,1500,2000,-73.31532575148945,9.16059015727857,355.05560855790327,32.162300297792854,54.13240974978794,81.3740416764139,400.27011372765827,1637.4088523591786,6825.8341283685495,0.55
3.0,2000,2000,-73.31532575148945,9.16059015727857,355.05560855790327,32.162300297792854,54.13240974978794,81.3740416764139,533.6934849702111,2183.211803145571,9101.112171158067,0.55
3.0,2500,2000,-73.31532575148945,9.16059015727857,355.05560855790327,32.162300297792854,54.13240974978794,81.3740416764139,667.1168562127639,2729.014753931964,11376.390213947581,0.55
3.0,3000,2000,-73.31532575148945,9.16059015727857,355.05560855790327,32.162300297792854,54.13240974978794,81.3740416764139,800.5402274553165,3274.817704718357,13651.668256737099,0.55
4.0,500,2000,-84.41641962499263,1.4842784216584803,571.1746035634134,40.84204919866983,65.60458385170818,90.15214014812352,77.91790187503688,507.42139210829237,3355.8730178170667,0.5075
4.0,1000,2000,-84.41641962499263,1.4842784216584803,571.1746035634134,40.84204919866983,65.60458385170818,90.15214014812352,155.83580375007375,1014.8427842165847,6711.7460356341335,0.5075
4.0,1500,2000,-84.41641962499263,1.4842784216584803,571.1746035634134,40.84204919866983,65.60458385170818,90.15214014812352,233.7537056251106,1522.264176324877,10067.6190534512,0.5075
4.0,2000,2000,-84.41641962499263,1.4842784216584803,571.1746035634134,40.84204919866983,65.60458385170818,90.15214014812352,311.6716075001475,2029.6855684331695,13423.492071268267,0.5075
4.0,2500,2000,-84.41641962499263,1.4842784216584803,571.1746035634134,40.84204919866983,65.60458385170818,90.15214014812352,389.5895093751844,2537.106960541462,16779.36508908533,0.5075
4.0,3000,2000,-84.41641962499263,1.4842784216584803,571.1746035634134,40.84204919866983,65.60458385170818,90.15214014812352,467.5074112502212,3044.528352649754,20135.2381069024,0.5075
5.0,500,2000,-91.27133865373956,-10.20464033097025,847.7654030438505,48.79132850074911,74.7089808475591,94.83967103929896,43.64330673130221,448.9767983451487,4738.827015219252,0.469
5.0,1000,2000,-91.27133865373956,-10.20464033097025,847.7654030438505,48.79132850074911,74.7089808475591,94.83967103929896,87.28661346260442,897.9535966902974,9477.654030438503,0.469
5.0,1500,2000,-91.27133865373956,-10.20464033097025,847.7654030438505,48.79132850074911,74.7089808475591,94.83967103929896,130.92992019390664,1346.930395035446,14216.481045657758,0.469
5.0,2000,2000,-91.27133865373956,-10.20464033097025,847.7654030438505,48.79132850074911,74.7089808475591,94.83967103929896,174.57322692520884,1795.907193380595,18955.308060877007,0.469
5.0,2500,2000,-91.27133865373956,-10.20464033097025,847.7654030438505,48.79132850074911,74.7089808475591,94.83967103929896,218.21653365651105,2244.8839917257437,23694.135076096263,0.469
5.0,3000,2000,-91.27133865373956,-10.20464033097025,847.7654030438505,48.79132850074911,74.7089808475591,94.83967103929896,261.8598403878133,2693.860790070892,28432.962091315516,0.469
