variant,stress,mode,capital,risk_pct,executed,final_balance,return_pct,annualized_return_pct,balance_dd_pct,modeled_marked_dd_pct,min_equity,max_loss_to_budget,worst_month_pct,max_notional_leverage,insolvent,sizing_type
fixed60_stop2,1,opposite,500,1.0,362,525.7249651172722,5.144993023454436,0.719290233335812,5.476906574860408,6.027254104983019,483.6531362562533,1.0000000000000115,-2.455137435197652,5.247620509930788,False,ideal_fractional_SPY_not_Exness_no_margin_check
fixed60_stop2,1,opposite,500,2.0,362,549.2986773141446,9.859735462828922,1.352409633668894,10.696535978751415,11.72991996422311,467.70802108078357,1.0000000000000113,-4.872097210973536,10.495241019861574,False,ideal_fractional_SPY_not_Exness_no_margin_check
fixed60_stop2,1,opposite,500,3.0,362,570.3182231246993,14.063644624939876,1.8975851896353868,15.684819295901011,17.123564163381204,452.1586383077689,1.0000000000000113,-7.251124584544122,15.74286152979236,False,ideal_fractional_SPY_not_Exness_no_margin_check
fixed60_stop2,1,opposite,500,4.0,362,588.4113917039919,17.682278340798362,2.3532367640568097,20.450258028149737,22.22308157681458,436.99896137264176,1.0000000000000115,-9.592466101061204,20.990482039723148,False,ideal_fractional_SPY_not_Exness_no_margin_check
fixed60_stop2,1,opposite,500,5.0,362,603.2473217915883,20.649464358317672,2.717983608075736,24.99664061906681,27.042722823966926,422.2229565315235,1.0000000000000113,-11.896369577105748,26.238102549653934,False,ideal_fractional_SPY_not_Exness_no_margin_check
fixed60_stop2,1,opposite,1000,1.0,362,1051.4499302345444,5.144993023454436,0.719290233335812,5.476906574860408,6.027254104983019,967.3062725125066,1.0000000000000115,-2.455137435197652,5.247620509930788,False,ideal_fractional_SPY_not_Exness_no_margin_check
fixed60_stop2,1,opposite,1000,2.0,362,1098.5973546282892,9.859735462828922,1.352409633668894,10.696535978751415,11.72991996422311,935.4160421615671,1.0000000000000113,-4.872097210973536,10.495241019861574,False,ideal_fractional_SPY_not_Exness_no_margin_check
fixed60_stop2,1,opposite,1000,3.0,362,1140.6364462493987,14.063644624939876,1.8975851896353868,15.684819295901011,17.123564163381204,904.3172766155378,1.0000000000000113,-7.251124584544122,15.74286152979236,False,ideal_fractional_SPY_not_Exness_no_margin_check
fixed60_stop2,1,opposite,1000,4.0,362,1176.8227834079837,17.682278340798362,2.3532367640568097,20.450258028149737,22.22308157681458,873.9979227452835,1.0000000000000115,-9.592466101061204,20.990482039723148,False,ideal_fractional_SPY_not_Exness_no_margin_check
fixed60_stop2,1,opposite,1000,5.0,362,1206.4946435831766,20.649464358317672,2.717983608075736,24.99664061906681,27.042722823966926,844.445913063047,1.0000000000000113,-11.896369577105748,26.238102549653934,False,ideal_fractional_SPY_not_Exness_no_margin_check
fixed60_stop2,1,opposite,1500,1.0,362,1577.1748953518174,5.144993023454503,0.7192902333358342,5.476906574860398,6.0272541049830215,1450.95940876876,1.0000000000000113,-2.4551374351976296,5.247620509930787,False,ideal_fractional_SPY_not_Exness_no_margin_check
fixed60_stop2,1,opposite,1500,2.0,362,1647.8960319424361,9.859735462829079,1.3524096336689162,10.696535978751402,11.729919964223075,1403.1240632423508,1.0000000000000113,-4.872097210973536,10.495241019861574,False,ideal_fractional_SPY_not_Exness_no_margin_check
fixed60_stop2,1,opposite,1500,3.0,362,1710.9546693741004,14.06364462494003,1.897585189635409,15.68481929590098,17.123564163381186,1356.4759149233073,1.0000000000000113,-7.251124584544133,15.742861529792362,False,ideal_fractional_SPY_not_Exness_no_margin_check
fixed60_stop2,1,opposite,1500,4.0,362,1765.2341751119748,17.68227834079832,2.3532367640568097,20.450258028149783,22.223081576814625,1310.9968841179254,1.0000000000000113,-9.592466101061238,20.990482039723148,False,ideal_fractional_SPY_not_Exness_no_margin_check
fixed60_stop2,1,opposite,1500,5.0,362,1809.7419653747697,20.64946435831798,2.71798360807578,24.996640619066802,27.04272282396693,1266.6688695945709,1.0000000000000115,-11.896369577105748,26.238102549653938,False,ideal_fractional_SPY_not_Exness_no_margin_check
fixed60_stop2,1,opposite,2000,1.0,362,2102.8998604690887,5.144993023454436,0.719290233335812,5.476906574860408,6.027254104983019,1934.612545025013,1.0000000000000115,-2.455137435197652,5.247620509930788,False,ideal_fractional_SPY_not_Exness_no_margin_check
fixed60_stop2,1,opposite,2000,2.0,362,2197.1947092565783,9.859735462828922,1.352409633668894,10.696535978751415,11.72991996422311,1870.8320843231343,1.0000000000000113,-4.872097210973536,10.495241019861574,False,ideal_fractional_SPY_not_Exness_no_margin_check
fixed60_stop2,1,opposite,2000,3.0,362,2281.2728924987973,14.063644624939876,1.8975851896353868,15.684819295901011,17.123564163381204,1808.6345532310756,1.0000000000000113,-7.251124584544122,15.74286152979236,False,ideal_fractional_SPY_not_Exness_no_margin_check
fixed60_stop2,1,opposite,2000,4.0,362,2353.6455668159674,17.682278340798362,2.3532367640568097,20.450258028149737,22.22308157681458,1747.995845490567,1.0000000000000115,-9.592466101061204,20.990482039723148,False,ideal_fractional_SPY_not_Exness_no_margin_check
fixed60_stop2,1,opposite,2000,5.0,362,2412.9892871663533,20.649464358317672,2.717983608075736,24.99664061906681,27.042722823966926,1688.891826126094,1.0000000000000113,-11.896369577105748,26.238102549653934,False,ideal_fractional_SPY_not_Exness_no_margin_check
fixed60_stop2,1,opposite,2500,1.0,362,2628.6248255863575,5.144993023454303,0.719290233335812,5.476906574860434,6.027254104983055,2418.265681281266,1.0000000000000115,-2.455137435197674,5.247620509930787,False,ideal_fractional_SPY_not_Exness_no_margin_check
fixed60_stop2,1,opposite,2500,2.0,362,2746.4933865707276,9.8597354628291,1.3524096336689162,10.696535978751417,11.729919964223097,2338.540105403918,1.0000000000000113,-4.872097210973525,10.495241019861574,False,ideal_fractional_SPY_not_Exness_no_margin_check
fixed60_stop2,1,opposite,2500,3.0,362,2851.5911156234993,14.063644624939965,1.8975851896353868,15.68481929590101,17.12356416338122,2260.7931915388453,1.0000000000000113,-7.251124584544144,15.74286152979236,False,ideal_fractional_SPY_not_Exness_no_margin_check
fixed60_stop2,1,opposite,2500,4.0,362,2942.0569585199532,17.68227834079812,2.3532367640567875,20.450258028149797,22.22308157681462,2184.994806863209,1.0000000000000113,-9.592466101061225,20.99048203972315,False,ideal_fractional_SPY_not_Exness_no_margin_check
fixed60_stop2,1,opposite,2500,5.0,362,3016.236608957946,20.649464358317825,2.717983608075758,24.996640619066802,27.04272282396694,2111.114782657617,1.0000000000000115,-11.896369577105759,26.238102549653934,False,ideal_fractional_SPY_not_Exness_no_margin_check
fixed60_stop2,1,opposite,3000,1.0,362,3154.349790703635,5.144993023454503,0.7192902333358342,5.476906574860398,6.0272541049830215,2901.91881753752,1.0000000000000113,-2.4551374351976296,5.247620509930787,False,ideal_fractional_SPY_not_Exness_no_margin_check
fixed60_stop2,1,opposite,3000,2.0,362,3295.7920638848723,9.859735462829079,1.3524096336689162,10.696535978751402,11.729919964223075,2806.2481264847015,1.0000000000000113,-4.872097210973536,10.495241019861574,False,ideal_fractional_SPY_not_Exness_no_margin_check
fixed60_stop2,1,opposite,3000,3.0,362,3421.9093387482008,14.06364462494003,1.897585189635409,15.68481929590098,17.123564163381186,2712.9518298466146,1.0000000000000113,-7.251124584544133,15.742861529792362,False,ideal_fractional_SPY_not_Exness_no_margin_check
fixed60_stop2,1,opposite,3000,4.0,362,3530.4683502239495,17.68227834079832,2.3532367640568097,20.450258028149783,22.223081576814625,2621.993768235851,1.0000000000000113,-9.592466101061238,20.990482039723148,False,ideal_fractional_SPY_not_Exness_no_margin_check
fixed60_stop2,1,opposite,3000,5.0,362,3619.4839307495395,20.64946435831798,2.71798360807578,24.996640619066802,27.04272282396693,2533.3377391891418,1.0000000000000115,-11.896369577105748,26.238102549653938,False,ideal_fractional_SPY_not_Exness_no_margin_check
fixed60_stop1,1,opposite,500,1.0,362,571.7921014844013,14.358420296880258,1.9351628503206042,9.974161564170842,10.845439567255031,469.2393739718404,1.000000000000101,-4.596614002902633,10.35932629344078,False,ideal_fractional_SPY_not_Exness_no_margin_check
fixed60_stop1,1,opposite,500,2.0,362,640.1467474946733,28.029349498934653,3.5928864428927287,19.155940701536643,20.7004000957415,439.58127609034113,1.000000000000101,-9.069988330542511,20.71865258688156,False,ideal_fractional_SPY_not_Exness_no_margin_check
fixed60_stop1,1,opposite,500,3.0,362,701.7119491408906,40.34238982817813,4.960763483057629,27.58404936491629,29.63292107110684,411.05562096355806,1.000000000000101,-13.418491676102295,31.077978880322334,False,ideal_fractional_SPY_not_Exness_no_margin_check
fixed60_stop1,1,opposite,500,4.0,362,753.2376833900505,50.6475366780101,6.028629488043924,35.29820179389717,37.708900895869455,383.6847192927709,1.0000000000001008,-17.640818317383122,41.43730517376313,False,ideal_fractional_SPY_not_Exness_no_margin_check
fixed60_stop1,1,opposite,500,5.0,362,791.8565491813341,58.37130983626682,6.788679318670843,42.33867376457952,44.99187333237921,357.483687118186,1.000000000000101,-21.73597873195341,51.7966314672039,False,ideal_fractional_SPY_not_Exness_no_margin_check
fixed60_stop1,1,opposite,1000,1.0,362,1143.5842029688026,14.358420296880258,1.9351628503206042,9.974161564170842,10.845439567255031,938.4787479436808,1.000000000000101,-4.596614002902633,10.35932629344078,False,ideal_fractional_SPY_not_Exness_no_margin_check
fixed60_stop1,1,opposite,1000,2.0,362,1280.2934949893465,28.029349498934653,3.5928864428927287,19.155940701536643,20.7004000957415,879.1625521806823,1.000000000000101,-9.069988330542511,20.71865258688156,False,ideal_fractional_SPY_not_Exness_no_margin_check
fixed60_stop1,1,opposite,1000,3.0,362,1403.4238982817812,40.34238982817813,4.960763483057629,27.58404936491629,29.63292107110684,822.1112419271161,1.000000000000101,-13.418491676102295,31.077978880322334,False,ideal_fractional_SPY_not_Exness_no_margin_check
fixed60_stop1,1,opposite,1000,4.0,362,1506.475366780101,50.6475366780101,6.028629488043924,35.29820179389717,37.708900895869455,767.3694385855418,1.0000000000001008,-17.640818317383122,41.43730517376313,False,ideal_fractional_SPY_not_Exness_no_margin_check
fixed60_stop1,1,opposite,1000,5.0,362,1583.7130983626682,58.37130983626682,6.788679318670843,42.33867376457952,44.99187333237921,714.967374236372,1.000000000000101,-21.73597873195341,51.7966314672039,False,ideal_fractional_SPY_not_Exness_no_margin_check
fixed60_stop1,1,opposite,1500,1.0,362,1715.3763044532038,14.358420296880258,1.9351628503206042,9.974161564170872,10.845439567255056,1407.718121915521,1.000000000000101,-4.596614002902621,10.359326293440779,False,ideal_fractional_SPY_not_Exness_no_margin_check
fixed60_stop1,1,opposite,1500,2.0,362,1920.4402424840223,28.02934949893483,3.592886442892751,19.155940701536583,20.70040009574143,1318.743828271024,1.000000000000101,-9.069988330542477,20.71865258688156,False,ideal_fractional_SPY_not_Exness_no_margin_check
fixed60_stop1,1,opposite,1500,3.0,362,2105.1358474226727,40.34238982817817,4.960763483057629,27.58404936491629,29.632921071106843,1233.1668628906743,1.0000000000001008,-13.418491676102285,31.07797888032234,False,ideal_fractional_SPY_not_Exness_no_margin_check
fixed60_stop1,1,opposite,1500,4.0,362,2259.7130501701527,50.647536678010184,6.028629488043924,35.29820179389717,37.70890089586945,1151.0541578783132,1.000000000000101,-17.640818317383133,41.43730517376312,False,ideal_fractional_SPY_not_Exness_no_margin_check
fixed60_stop1,1,opposite,1500,5.0,362,2375.5696475440004,58.371309836266704,6.788679318670843,42.33867376457949,44.99187333237918,1072.4510613545576,1.000000000000101,-21.73597873195342,51.7966314672039,False,ideal_fractional_SPY_not_Exness_no_margin_check
fixed60_stop1,1,opposite,2000,1.0,362,2287.1684059376053,14.358420296880258,1.9351628503206042,9.974161564170842,10.845439567255031,1876.9574958873616,1.000000000000101,-4.596614002902633,10.35932629344078,False,ideal_fractional_SPY_not_Exness_no_margin_check
fixed60_stop1,1,opposite,2000,2.0,362,2560.586989978693,28.029349498934653,3.5928864428927287,19.155940701536643,20.7004000957415,1758.3251043613645,1.000000000000101,-9.069988330542511,20.71865258688156,False,ideal_fractional_SPY_not_Exness_no_margin_check
fixed60_stop1,1,opposite,2000,3.0,362,2806.8477965635625,40.34238982817813,4.960763483057629,27.58404936491629,29.63292107110684,1644.2224838542322,1.000000000000101,-13.418491676102295,31.077978880322334,False,ideal_fractional_SPY_not_Exness_no_margin_check
fixed60_stop1,1,opposite,2000,4.0,362,3012.950733560202,50.6475366780101,6.028629488043924,35.29820179389717,37.708900895869455,1534.7388771710837,1.0000000000001008,-17.640818317383122,41.43730517376313,False,ideal_fractional_SPY_not_Exness_no_margin_check
fixed60_stop1,1,opposite,2000,5.0,362,3167.4261967253365,58.37130983626682,6.788679318670843,42.33867376457952,44.99187333237921,1429.934748472744,1.000000000000101,-21.73597873195341,51.7966314672039,False,ideal_fractional_SPY_not_Exness_no_margin_check
fixed60_stop1,1,opposite,2500,1.0,362,2858.9605074220094,14.35842029688037,1.9351628503206042,9.974161564170814,10.845439567255006,2346.196869859201,1.000000000000101,-4.596614002902633,10.35932629344078,False,ideal_fractional_SPY_not_Exness_no_margin_check
fixed60_stop1,1,opposite,2500,2.0,362,3200.733737473366,28.029349498934653,3.5928864428927287,19.15594070153662,20.70040009574148,2197.906380451707,1.000000000000101,-9.069988330542477,20.71865258688156,False,ideal_fractional_SPY_not_Exness_no_margin_check
fixed60_stop1,1,opposite,2500,3.0,362,3508.5597457044537,40.34238982817815,4.960763483057629,27.584049364916307,29.632921071106864,2055.2781048177903,1.0000000000001008,-13.41849167610224,31.077978880322338,False,ideal_fractional_SPY_not_Exness_no_margin_check
fixed60_stop1,1,opposite,2500,4.0,362,3766.1884169502496,50.647536678009985,6.028629488043902,35.298201793897185,37.70890089586947,1918.4235964638547,1.000000000000101,-17.640818317383157,41.437305173763114,False,ideal_fractional_SPY_not_Exness_no_margin_check
fixed60_stop1,1,opposite,2500,5.0,362,3959.282745906671,58.37130983626684,6.788679318670843,42.3386737645795,44.99187333237919,1787.4184355909301,1.000000000000101,-21.735978731953377,51.7966314672039,False,ideal_fractional_SPY_not_Exness_no_margin_check
fixed60_stop1,1,opposite,3000,1.0,362,3430.7526089064077,14.358420296880258,1.9351628503206042,9.974161564170872,10.845439567255056,2815.436243831042,1.000000000000101,-4.596614002902621,10.359326293440779,False,ideal_fractional_SPY_not_Exness_no_margin_check
fixed60_stop1,1,opposite,3000,2.0,362,3840.8804849680446,28.02934949893483,3.592886442892751,19.155940701536583,20.70040009574143,2637.487656542048,1.000000000000101,-9.069988330542477,20.71865258688156,False,ideal_fractional_SPY_not_Exness_no_margin_check
fixed60_stop1,1,opposite,3000,3.0,362,4210.271694845345,40.34238982817817,4.960763483057629,27.58404936491629,29.632921071106843,2466.3337257813487,1.0000000000001008,-13.418491676102285,31.07797888032234,False,ideal_fractional_SPY_not_Exness_no_margin_check
fixed60_stop1,1,opposite,3000,4.0,362,4519.426100340305,50.647536678010184,6.028629488043924,35.29820179389717,37.70890089586945,2302.1083157566263,1.000000000000101,-17.640818317383133,41.43730517376312,False,ideal_fractional_SPY_not_Exness_no_margin_check
fixed60_stop1,1,opposite,3000,5.0,362,4751.139295088001,58.371309836266704,6.788679318670843,42.33867376457949,44.99187333237918,2144.9021227091152,1.000000000000101,-21.73597873195342,51.7966314672039,False,ideal_fractional_SPY_not_Exness_no_margin_check
runner_stop1,1,opposite,500,1.0,362,667.4781660555357,33.49563321110713,4.213472114329941,20.037892177357502,20.96612500327179,485.45661489712194,1.000000000000101,-5.9464350555749945,10.359326293440779,False,ideal_fractional_SPY_not_Exness_no_margin_check
runner_stop1,1,opposite,500,2.0,362,843.6388081549518,68.72776163099034,7.759413931204651,36.81892657336709,38.240138808006236,471.1348199529869,1.000000000000101,-11.617324416973851,20.71865258688156,False,ideal_fractional_SPY_not_Exness_no_margin_check
runner_stop1,1,opposite,500,3.0,362,1011.1023152665836,102.22046305331669,10.583237404370948,50.66366682626268,52.27627383512444,457.03668951606176,1.000000000000101,-17.02079996684358,31.077978880322338,False,ideal_fractional_SPY_not_Exness_no_margin_check
runner_stop1,1,opposite,500,4.0,362,1150.6608059805985,130.1321611961197,12.644773250941576,61.922095031137125,63.529347543041304,443.1641578732106,1.000000000000101,-22.164999508115933,41.43730517376312,False,ideal_fractional_SPY_not_Exness_no_margin_check
runner_stop1,1,opposite,500,5.0,362,1244.9259309398196,148.98518618796396,13.919013518210054,70.9500023393035,72.43413278984684,429.51901905426706,1.000000000000101,-27.05805204872769,51.7966314672039,False,ideal_fractional_SPY_not_Exness_no_margin_check
runner_stop1,1,opposite,1000,1.0,362,1334.9563321110713,33.49563321110713,4.213472114329941,20.037892177357502,20.96612500327179,970.9132297942439,1.000000000000101,-5.9464350555749945,10.359326293440779,False,ideal_fractional_SPY_not_Exness_no_margin_check
runner_stop1,1,opposite,1000,2.0,362,1687.2776163099036,68.72776163099034,7.759413931204651,36.81892657336709,38.240138808006236,942.2696399059738,1.000000000000101,-11.617324416973851,20.71865258688156,False,ideal_fractional_SPY_not_Exness_no_margin_check
runner_stop1,1,opposite,1000,3.0,362,2022.2046305331671,102.22046305331669,10.583237404370948,50.66366682626268,52.27627383512444,914.0733790321235,1.000000000000101,-17.02079996684358,31.077978880322338,False,ideal_fractional_SPY_not_Exness_no_margin_check
runner_stop1,1,opposite,1000,4.0,362,2301.321611961197,130.1321611961197,12.644773250941576,61.922095031137125,63.529347543041304,886.3283157464213,1.000000000000101,-22.164999508115933,41.43730517376312,False,ideal_fractional_SPY_not_Exness_no_margin_check
runner_stop1,1,opposite,1000,5.0,362,2489.8518618796393,148.98518618796396,13.919013518210054,70.9500023393035,72.43413278984684,859.0380381085341,1.000000000000101,-27.05805204872769,51.7966314672039,False,ideal_fractional_SPY_not_Exness_no_margin_check
runner_stop1,1,opposite,1500,1.0,362,2002.434498166611,33.4956332111074,4.213472114329964,20.037892177357374,20.966125003271653,1456.3698446913656,1.000000000000101,-5.946435055575017,10.35932629344078,False,ideal_fractional_SPY_not_Exness_no_margin_check
runner_stop1,1,opposite,1500,2.0,362,2530.916424464857,68.72776163099046,7.759413931204651,36.81892657336706,38.24013880800619,1413.4044598589603,1.000000000000101,-11.617324416973862,20.718652586881557,False,ideal_fractional_SPY_not_Exness_no_margin_check
runner_stop1,1,opposite,1500,3.0,362,3033.30694579975,102.22046305331665,10.583237404370948,50.663666826262684,52.276273835124464,1371.1100685481852,1.000000000000101,-17.020799966843605,31.077978880322338,False,ideal_fractional_SPY_not_Exness_no_margin_check
runner_stop1,1,opposite,1500,4.0,362,3451.9824179417924,130.13216119611948,12.644773250941576,61.92209503113716,63.52934754304134,1329.492473619632,1.000000000000101,-22.164999508115947,41.43730517376312,False,ideal_fractional_SPY_not_Exness_no_margin_check
runner_stop1,1,opposite,1500,5.0,362,3734.7777928194587,148.9851861879639,13.919013518210054,70.9500023393035,72.43413278984686,1288.5570571628014,1.0000000000001008,-27.05805204872771,51.7966314672039,False,ideal_fractional_SPY_not_Exness_no_margin_check
runner_stop1,1,opposite,2000,1.0,362,2669.9126642221427,33.49563321110713,4.213472114329941,20.037892177357502,20.96612500327179,1941.8264595884878,1.000000000000101,-5.9464350555749945,10.359326293440779,False,ideal_fractional_SPY_not_Exness_no_margin_check
runner_stop1,1,opposite,2000,2.0,362,3374.555232619807,68.72776163099034,7.759413931204651,36.81892657336709,38.240138808006236,1884.5392798119476,1.000000000000101,-11.617324416973851,20.71865258688156,False,ideal_fractional_SPY_not_Exness_no_margin_check
runner_stop1,1,opposite,2000,3.0,362,4044.4092610663342,102.22046305331669,10.583237404370948,50.66366682626268,52.27627383512444,1828.146758064247,1.000000000000101,-17.02079996684358,31.077978880322338,False,ideal_fractional_SPY_not_Exness_no_margin_check
runner_stop1,1,opposite,2000,4.0,362,4602.643223922394,130.1321611961197,12.644773250941576,61.922095031137125,63.529347543041304,1772.6566314928425,1.000000000000101,-22.164999508115933,41.43730517376312,False,ideal_fractional_SPY_not_Exness_no_margin_check
runner_stop1,1,opposite,2000,5.0,362,4979.703723759279,148.98518618796396,13.919013518210054,70.9500023393035,72.43413278984684,1718.0760762170682,1.000000000000101,-27.05805204872769,51.7966314672039,False,ideal_fractional_SPY_not_Exness_no_margin_check
runner_stop1,1,opposite,2500,1.0,362,3337.390830277684,33.495633211107354,4.213472114329964,20.0378921773574,20.96612500327168,2427.2830744856096,1.000000000000101,-5.946435055575017,10.35932629344078,False,ideal_fractional_SPY_not_Exness_no_margin_check
runner_stop1,1,opposite,2500,2.0,362,4218.1940407747725,68.7277616309909,7.759413931204695,36.81892657336696,38.24013880800612,2355.674099764934,1.000000000000101,-11.617324416973817,20.71865258688156,False,ideal_fractional_SPY_not_Exness_no_margin_check
runner_stop1,1,opposite,2500,3.0,362,5055.511576332915,102.2204630533166,10.583237404370927,50.663666826262684,52.276273835124464,2285.183447580309,1.000000000000101,-17.02079996684359,31.077978880322338,False,ideal_fractional_SPY_not_Exness_no_margin_check
runner_stop1,1,opposite,2500,4.0,362,5753.3040299029835,130.13216119611934,12.644773250941554,61.92209503113715,63.52934754304131,2215.820789366053,1.000000000000101,-22.16499950811597,41.43730517376312,False,ideal_fractional_SPY_not_Exness_no_margin_check
runner_stop1,1,opposite,2500,5.0,362,6224.629654699105,148.98518618796422,13.919013518210077,70.95000233930348,72.43413278984683,2147.595095271335,1.000000000000101,-27.05805204872769,51.7966314672039,False,ideal_fractional_SPY_not_Exness_no_margin_check
runner_stop1,1,opposite,3000,1.0,362,4004.868996333222,33.4956332111074,4.213472114329964,20.037892177357374,20.966125003271653,2912.7396893827313,1.000000000000101,-5.946435055575017,10.35932629344078,False,ideal_fractional_SPY_not_Exness_no_margin_check
runner_stop1,1,opposite,3000,2.0,362,5061.832848929714,68.72776163099046,7.759413931204651,36.81892657336706,38.24013880800619,2826.8089197179206,1.000000000000101,-11.617324416973862,20.718652586881557,False,ideal_fractional_SPY_not_Exness_no_margin_check
runner_stop1,1,opposite,3000,3.0,362,6066.6138915995,102.22046305331665,10.583237404370948,50.663666826262684,52.276273835124464,2742.2201370963703,1.000000000000101,-17.020799966843605,31.077978880322338,False,ideal_fractional_SPY_not_Exness_no_margin_check
runner_stop1,1,opposite,3000,4.0,362,6903.964835883585,130.13216119611948,12.644773250941576,61.92209503113716,63.52934754304134,2658.984947239264,1.000000000000101,-22.164999508115947,41.43730517376312,False,ideal_fractional_SPY_not_Exness_no_margin_check
runner_stop1,1,opposite,3000,5.0,362,7469.555585638917,148.9851861879639,13.919013518210054,70.9500023393035,72.43413278984686,2577.1141143256027,1.0000000000001008,-27.05805204872771,51.7966314672039,False,ideal_fractional_SPY_not_Exness_no_margin_check
runner_stop1,1,no_opposite,500,1.0,362,634.6735578183135,26.934711563662695,3.46589052973556,20.49302418677226,21.544738237092236,485.45661489712194,1.0000000000001008,-5.9464350555749945,10.35932629344078,False,ideal_fractional_SPY_not_Exness_no_margin_check
runner_stop1,1,no_opposite,500,2.0,362,762.7197992466348,52.54395984932696,6.218285725975714,37.54130401141775,39.14701198678934,471.1348199529869,1.0000000000001008,-11.61732441697384,20.718652586881564,False,ideal_fractional_SPY_not_Exness_no_margin_check
runner_stop1,1,no_opposite,500,3.0,362,869.0850820510868,73.81701641021736,8.217849326103899,51.5135077243434,53.33042746114387,457.03668951606176,1.000000000000101,-17.020799966843615,31.077978880322338,False,ideal_fractional_SPY_not_Exness_no_margin_check
runner_stop1,1,no_opposite,500,4.0,362,940.1984703116038,88.03969406232078,9.440610019971786,62.80049687312715,64.60653871531892,443.1641578732106,1.000000000000101,-22.16499950811599,41.43730517376312,False,ideal_fractional_SPY_not_Exness_no_margin_check
runner_stop1,1,no_opposite,500,5.0,362,966.8310564457101,93.36621128914202,9.878193998047191,71.85708216022081,73.45477795583618,429.51901905426706,1.000000000000101,-27.0580520487277,51.796631467203895,False,ideal_fractional_SPY_not_Exness_no_margin_check
runner_stop1,1,no_opposite,1000,1.0,362,1269.347115636627,26.934711563662695,3.46589052973556,20.49302418677226,21.544738237092236,970.9132297942439,1.0000000000001008,-5.9464350555749945,10.35932629344078,False,ideal_fractional_SPY_not_Exness_no_margin_check
runner_stop1,1,no_opposite,1000,2.0,362,1525.4395984932696,52.54395984932696,6.218285725975714,37.54130401141775,39.14701198678934,942.2696399059738,1.0000000000001008,-11.61732441697384,20.718652586881564,False,ideal_fractional_SPY_not_Exness_no_margin_check
runner_stop1,1,no_opposite,1000,3.0,362,1738.1701641021737,73.81701641021736,8.217849326103899,51.5135077243434,53.33042746114387,914.0733790321235,1.000000000000101,-17.020799966843615,31.077978880322338,False,ideal_fractional_SPY_not_Exness_no_margin_check
runner_stop1,1,no_opposite,1000,4.0,362,1880.3969406232077,88.03969406232078,9.440610019971786,62.80049687312715,64.60653871531892,886.3283157464213,1.000000000000101,-22.16499950811599,41.43730517376312,False,ideal_fractional_SPY_not_Exness_no_margin_check
runner_stop1,1,no_opposite,1000,5.0,362,1933.6621128914203,93.36621128914202,9.878193998047191,71.85708216022081,73.45477795583618,859.0380381085341,1.000000000000101,-27.0580520487277,51.796631467203895,False,ideal_fractional_SPY_not_Exness_no_margin_check
runner_stop1,1,no_opposite,1500,1.0,362,1904.020673454935,26.93471156366234,3.465890529735538,20.49302418677236,21.54473823709232,1456.3698446913656,1.0000000000001008,-5.946435055575005,10.35932629344078,False,ideal_fractional_SPY_not_Exness_no_margin_check
runner_stop1,1,no_opposite,1500,2.0,362,2288.1593977399084,52.54395984932722,6.218285725975736,37.54130401141771,39.1470119867893,1413.4044598589603,1.000000000000101,-11.617324416973851,20.71865258688156,False,ideal_fractional_SPY_not_Exness_no_margin_check
runner_stop1,1,no_opposite,1500,3.0,362,2607.255246153262,73.81701641021745,8.21784932610392,51.513507724343434,53.330427461143906,1371.1100685481852,1.000000000000101,-17.02079996684359,31.077978880322338,False,ideal_fractional_SPY_not_Exness_no_margin_check
runner_stop1,1,no_opposite,1500,4.0,362,2820.5954109348177,88.03969406232117,9.440610019971828,62.80049687312719,64.60653871531895,1329.492473619632,1.000000000000101,-22.164999508115958,41.43730517376312,False,ideal_fractional_SPY_not_Exness_no_margin_check
runner_stop1,1,no_opposite,1500,5.0,362,2900.49316933713,93.366211289142,9.878193998047191,71.85708216022084,73.4547779558362,1288.5570571628014,1.000000000000101,-27.0580520487277,51.7966314672039,False,ideal_fractional_SPY_not_Exness_no_margin_check
runner_stop1,1,no_opposite,2000,1.0,362,2538.694231273254,26.934711563662695,3.46589052973556,20.49302418677226,21.544738237092236,1941.8264595884878,1.0000000000001008,-5.9464350555749945,10.35932629344078,False,ideal_fractional_SPY_not_Exness_no_margin_check
runner_stop1,1,no_opposite,2000,2.0,362,3050.8791969865392,52.54395984932696,6.218285725975714,37.54130401141775,39.14701198678934,1884.5392798119476,1.0000000000001008,-11.61732441697384,20.718652586881564,False,ideal_fractional_SPY_not_Exness_no_margin_check
runner_stop1,1,no_opposite,2000,3.0,362,3476.3403282043473,73.81701641021736,8.217849326103899,51.5135077243434,53.33042746114387,1828.146758064247,1.000000000000101,-17.020799966843615,31.077978880322338,False,ideal_fractional_SPY_not_Exness_no_margin_check
runner_stop1,1,no_opposite,2000,4.0,362,3760.7938812464154,88.03969406232078,9.440610019971786,62.80049687312715,64.60653871531892,1772.6566314928425,1.000000000000101,-22.16499950811599,41.43730517376312,False,ideal_fractional_SPY_not_Exness_no_margin_check
runner_stop1,1,no_opposite,2000,5.0,362,3867.3242257828406,93.36621128914202,9.878193998047191,71.85708216022081,73.45477795583618,1718.0760762170682,1.000000000000101,-27.0580520487277,51.796631467203895,False,ideal_fractional_SPY_not_Exness_no_margin_check
runner_stop1,1,no_opposite,2500,1.0,362,3173.3677890915574,26.934711563662294,3.465890529735516,20.49302418677236,21.54473823709234,2427.2830744856096,1.000000000000101,-5.946435055575005,10.35932629344078,False,ideal_fractional_SPY_not_Exness_no_margin_check
runner_stop1,1,no_opposite,2500,2.0,362,3813.5989962331746,52.54395984932698,6.218285725975714,37.54130401141775,39.14701198678933,2355.674099764934,1.000000000000101,-11.617324416973851,20.71865258688156,False,ideal_fractional_SPY_not_Exness_no_margin_check
runner_stop1,1,no_opposite,2500,3.0,362,4345.425410255432,73.81701641021729,8.217849326103899,51.51350772434336,53.33042746114385,2285.183447580309,1.000000000000101,-17.020799966843605,31.07797888032234,False,ideal_fractional_SPY_not_Exness_no_margin_check
runner_stop1,1,no_opposite,2500,4.0,362,4700.9923515580285,88.03969406232115,9.440610019971828,62.80049687312721,64.60653871531898,2215.820789366053,1.000000000000101,-22.16499950811598,41.43730517376312,False,ideal_fractional_SPY_not_Exness_no_margin_check
runner_stop1,1,no_opposite,2500,5.0,362,4834.155282228552,93.36621128914209,9.878193998047212,71.85708216022081,73.45477795583619,2147.595095271335,1.000000000000101,-27.05805204872769,51.7966314672039,False,ideal_fractional_SPY_not_Exness_no_margin_check
runner_stop1,1,no_opposite,3000,1.0,362,3808.04134690987,26.93471156366234,3.465890529735538,20.49302418677236,21.54473823709232,2912.7396893827313,1.0000000000001008,-5.946435055575005,10.35932629344078,False,ideal_fractional_SPY_not_Exness_no_margin_check
runner_stop1,1,no_opposite,3000,2.0,362,4576.318795479817,52.54395984932722,6.218285725975736,37.54130401141771,39.1470119867893,2826.8089197179206,1.000000000000101,-11.617324416973851,20.71865258688156,False,ideal_fractional_SPY_not_Exness_no_margin_check
runner_stop1,1,no_opposite,3000,3.0,362,5214.510492306524,73.81701641021745,8.21784932610392,51.513507724343434,53.330427461143906,2742.2201370963703,1.000000000000101,-17.02079996684359,31.077978880322338,False,ideal_fractional_SPY_not_Exness_no_margin_check
runner_stop1,1,no_opposite,3000,4.0,362,5641.190821869635,88.03969406232117,9.440610019971828,62.80049687312719,64.60653871531895,2658.984947239264,1.000000000000101,-22.164999508115958,41.43730517376312,False,ideal_fractional_SPY_not_Exness_no_margin_check
runner_stop1,1,no_opposite,3000,5.0,362,5800.98633867426,93.366211289142,9.878193998047191,71.85708216022084,73.4547779558362,2577.1141143256027,1.000000000000101,-27.0580520487277,51.7966314672039,False,ideal_fractional_SPY_not_Exness_no_margin_check
fixed60_stop2,2,opposite,500,1.0,362,484.26144281757985,-3.1477114364840353,-0.45586016662572115,7.111727501501995,7.575627061975131,481.78256746901786,1.0000000000000213,-2.606105494170552,5.179274642846595,False,ideal_fractional_SPY_not_Exness_no_margin_check
fixed60_stop2,2,opposite,500,2.0,362,466.12379050092477,-6.775241899815043,-0.9972350858213797,14.0631464931844,14.817799537758239,464.08907843743316,1.0000000000000213,-5.16699005141763,10.35854928569319,False,ideal_fractional_SPY_not_Exness_no_margin_check
fixed60_stop2,2,opposite,500,3.0,362,445.89053363743545,-10.821893272512906,-1.6228956244978776,20.813768611559166,21.778571245802443,443.77812880760774,1.0000000000000213,-7.683051210504965,15.537823928539783,False,ideal_fractional_SPY_not_Exness_no_margin_check
fixed60_stop2,2,opposite,500,4.0,362,423.89080414578467,-15.221839170843065,-2.331423991007864,27.32836398924195,28.503442230684488,421.21304770719485,1.0000000000000213,-10.154686538760881,20.71709857138638,False,ideal_fractional_SPY_not_Exness_no_margin_check
fixed60_stop2,2,opposite,500,5.0,362,400.4706434090899,-19.90587131818201,-3.1212182894800877,33.57707657529095,34.91342404831037,397.30816755259724,1.0000000000000213,-12.582293616658246,25.896373214232973,False,ideal_fractional_SPY_not_Exness_no_margin_check
fixed60_stop2,2,opposite,1000,1.0,362,968.5228856351597,-3.1477114364840353,-0.45586016662572115,7.111727501501995,7.575627061975131,963.5651349380357,1.0000000000000213,-2.606105494170552,5.179274642846595,False,ideal_fractional_SPY_not_Exness_no_margin_check
fixed60_stop2,2,opposite,1000,2.0,362,932.2475810018495,-6.775241899815043,-0.9972350858213797,14.0631464931844,14.817799537758239,928.1781568748663,1.0000000000000213,-5.16699005141763,10.35854928569319,False,ideal_fractional_SPY_not_Exness_no_margin_check
fixed60_stop2,2,opposite,1000,3.0,362,891.7810672748709,-10.821893272512906,-1.6228956244978776,20.813768611559166,21.778571245802443,887.5562576152155,1.0000000000000213,-7.683051210504965,15.537823928539783,False,ideal_fractional_SPY_not_Exness_no_margin_check
fixed60_stop2,2,opposite,1000,4.0,362,847.7816082915693,-15.221839170843065,-2.331423991007864,27.32836398924195,28.503442230684488,842.4260954143897,1.0000000000000213,-10.154686538760881,20.71709857138638,False,ideal_fractional_SPY_not_Exness_no_margin_check
fixed60_stop2,2,opposite,1000,5.0,362,800.9412868181798,-19.90587131818201,-3.1212182894800877,33.57707657529095,34.91342404831037,794.6163351051945,1.0000000000000213,-12.582293616658246,25.896373214232973,False,ideal_fractional_SPY_not_Exness_no_margin_check
fixed60_stop2,2,opposite,1500,1.0,362,1452.7843284527426,-3.1477114364838243,-0.45586016662568785,7.111727501501932,7.575627061975096,1445.347702407054,1.0000000000000213,-2.606105494170541,5.179274642846594,False,ideal_fractional_SPY_not_Exness_no_margin_check
fixed60_stop2,2,opposite,1500,2.0,362,1398.3713715027707,-6.7752418998152875,-0.9972350858214241,14.063146493184503,14.817799537758333,1392.2672353122994,1.0000000000000215,-5.166990051417642,10.358549285693188,False,ideal_fractional_SPY_not_Exness_no_margin_check
fixed60_stop2,2,opposite,1500,3.0,362,1337.6716009123058,-10.82189327251294,-1.6228956244978887,20.813768611559105,21.778571245802393,1331.3343864228227,1.0000000000000213,-7.683051210504965,15.537823928539781,False,ideal_fractional_SPY_not_Exness_no_margin_check
fixed60_stop2,2,opposite,1500,4.0,362,1271.6724124373527,-15.221839170843154,-2.331423991007875,27.32836398924206,28.503442230684602,1263.6391431215832,1.0000000000000213,-10.154686538760894,20.717098571386376,False,ideal_fractional_SPY_not_Exness_no_margin_check
fixed60_stop2,2,opposite,1500,5.0,362,1201.411930227269,-19.905871318182065,-3.1212182894800877,33.57707657529097,34.91342404831037,1191.924502657791,1.0000000000000213,-12.58229361665828,25.896373214232973,False,ideal_fractional_SPY_not_Exness_no_margin_check
fixed60_stop2,2,opposite,2000,1.0,362,1937.0457712703194,-3.1477114364840353,-0.45586016662572115,7.111727501501995,7.575627061975131,1927.1302698760715,1.0000000000000213,-2.606105494170552,5.179274642846595,False,ideal_fractional_SPY_not_Exness_no_margin_check
fixed60_stop2,2,opposite,2000,2.0,362,1864.495162003699,-6.775241899815043,-0.9972350858213797,14.0631464931844,14.817799537758239,1856.3563137497326,1.0000000000000213,-5.16699005141763,10.35854928569319,False,ideal_fractional_SPY_not_Exness_no_margin_check
fixed60_stop2,2,opposite,2000,3.0,362,1783.5621345497418,-10.821893272512906,-1.6228956244978776,20.813768611559166,21.778571245802443,1775.112515230431,1.0000000000000213,-7.683051210504965,15.537823928539783,False,ideal_fractional_SPY_not_Exness_no_margin_check
fixed60_stop2,2,opposite,2000,4.0,362,1695.5632165831387,-15.221839170843065,-2.331423991007864,27.32836398924195,28.503442230684488,1684.8521908287794,1.0000000000000213,-10.154686538760881,20.71709857138638,False,ideal_fractional_SPY_not_Exness_no_margin_check
fixed60_stop2,2,opposite,2000,5.0,362,1601.8825736363597,-19.90587131818201,-3.1212182894800877,33.57707657529095,34.91342404831037,1589.232670210389,1.0000000000000213,-12.582293616658246,25.896373214232973,False,ideal_fractional_SPY_not_Exness_no_margin_check
fixed60_stop2,2,opposite,2500,1.0,362,2421.3072140879003,-3.147711436483991,-0.45586016662571005,7.111727501501949,7.575627061975029,2408.9128373450903,1.0000000000000213,-2.606105494170541,5.179274642846595,False,ideal_fractional_SPY_not_Exness_no_margin_check
fixed60_stop2,2,opposite,2500,2.0,362,2330.6189525046225,-6.775241899815098,-0.9972350858213908,14.063146493184464,14.817799537758258,2320.4453921871664,1.0000000000000213,-5.166990051417642,10.35854928569319,False,ideal_fractional_SPY_not_Exness_no_margin_check
fixed60_stop2,2,opposite,2500,3.0,362,2229.4526681871785,-10.821893272512861,-1.6228956244978776,20.81376861155912,21.778571245802418,2218.8906440380397,1.0000000000000213,-7.683051210504965,15.537823928539783,False,ideal_fractional_SPY_not_Exness_no_margin_check
fixed60_stop2,2,opposite,2500,4.0,362,2119.454020728924,-15.221839170843033,-2.3314239910078527,27.32836398924201,28.503442230684545,2106.065238535975,1.0000000000000213,-10.154686538760881,20.71709857138638,False,ideal_fractional_SPY_not_Exness_no_margin_check
fixed60_stop2,2,opposite,2500,5.0,362,2002.3532170454498,-19.90587131818201,-3.1212182894800877,33.57707657529097,34.91342404831037,1986.5408377629865,1.0000000000000213,-12.582293616658246,25.89637321423297,False,ideal_fractional_SPY_not_Exness_no_margin_check
fixed60_stop2,2,opposite,3000,1.0,362,2905.568656905485,-3.1477114364838243,-0.45586016662568785,7.111727501501932,7.575627061975096,2890.695404814108,1.0000000000000213,-2.606105494170541,5.179274642846594,False,ideal_fractional_SPY_not_Exness_no_margin_check
fixed60_stop2,2,opposite,3000,2.0,362,2796.7427430055413,-6.7752418998152875,-0.9972350858214241,14.063146493184503,14.817799537758333,2784.5344706245987,1.0000000000000215,-5.166990051417642,10.358549285693188,False,ideal_fractional_SPY_not_Exness_no_margin_check
fixed60_stop2,2,opposite,3000,3.0,362,2675.3432018246117,-10.82189327251294,-1.6228956244978887,20.813768611559105,21.778571245802393,2662.6687728456454,1.0000000000000213,-7.683051210504965,15.537823928539781,False,ideal_fractional_SPY_not_Exness_no_margin_check
fixed60_stop2,2,opposite,3000,4.0,362,2543.3448248747054,-15.221839170843154,-2.331423991007875,27.32836398924206,28.503442230684602,2527.2782862431663,1.0000000000000213,-10.154686538760894,20.717098571386376,False,ideal_fractional_SPY_not_Exness_no_margin_check
fixed60_stop2,2,opposite,3000,5.0,362,2402.823860454538,-19.905871318182065,-3.1212182894800877,33.57707657529097,34.91342404831037,2383.849005315582,1.0000000000000213,-12.58229361665828,25.896373214232973,False,ideal_fractional_SPY_not_Exness_no_margin_check
fixed60_stop1,2,opposite,500,1.0,362,484.0479851967169,-3.190402960656613,-0.4621296461501112,11.5206169685758,12.369632973335792,462.5268576725759,1.0000000000000697,-4.8892464263861735,10.097033510190357,False,ideal_fractional_SPY_not_Exness_no_margin_check
fixed60_stop1,2,opposite,500,2.0,362,459.03217809718336,-8.193564380563323,-1.2138270435547938,21.918149162873455,23.398198906949613,427.11289132546756,1.0000000000000697,-9.624753191420965,20.194067020380714,False,ideal_fractional_SPY_not_Exness_no_margin_check
fixed60_stop1,2,opposite,500,3.0,362,426.4567267115241,-14.708654657695186,-2.247183197970193,32.10664210726381,33.347798078159016,393.71504115574925,1.0000000000000697,-14.20655240158446,30.29110053057107,False,ideal_fractional_SPY_not_Exness_no_margin_check
fixed60_stop1,2,opposite,500,4.0,362,388.16541931290254,-22.36691613741949,-3.552182291116368,41.95414033033131,43.17874355873705,353.0720904416146,1.0000000000000697,-18.634975438935975,40.38813404076143,False,ideal_fractional_SPY_not_Exness_no_margin_check
fixed60_stop1,2,opposite,500,5.0,362,346.17365623974257,-30.76526875205149,-5.1168390534241714,51.0514343772168,52.337565513177644,309.6183734420985,1.0000000000000697,-22.910640125360217,50.485167550951786,False,ideal_fractional_SPY_not_Exness_no_margin_check
fixed60_stop1,2,opposite,1000,1.0,362,968.0959703934338,-3.190402960656613,-0.4621296461501112,11.5206169685758,12.369632973335792,925.0537153451518,1.0000000000000697,-4.8892464263861735,10.097033510190357,False,ideal_fractional_SPY_not_Exness_no_margin_check
fixed60_stop1,2,opposite,1000,2.0,362,918.0643561943667,-8.193564380563323,-1.2138270435547938,21.918149162873455,23.398198906949613,854.2257826509351,1.0000000000000697,-9.624753191420965,20.194067020380714,False,ideal_fractional_SPY_not_Exness_no_margin_check
fixed60_stop1,2,opposite,1000,3.0,362,852.9134534230482,-14.708654657695186,-2.247183197970193,32.10664210726381,33.347798078159016,787.4300823114985,1.0000000000000697,-14.20655240158446,30.29110053057107,False,ideal_fractional_SPY_not_Exness_no_margin_check
fixed60_stop1,2,opposite,1000,4.0,362,776.3308386258051,-22.36691613741949,-3.552182291116368,41.95414033033131,43.17874355873705,706.1441808832292,1.0000000000000697,-18.634975438935975,40.38813404076143,False,ideal_fractional_SPY_not_Exness_no_margin_check
fixed60_stop1,2,opposite,1000,5.0,362,692.3473124794851,-30.76526875205149,-5.1168390534241714,51.0514343772168,52.337565513177644,619.236746884197,1.0000000000000697,-22.910640125360217,50.485167550951786,False,ideal_fractional_SPY_not_Exness_no_margin_check
fixed60_stop1,2,opposite,1500,1.0,362,1452.1439555901543,-3.19040296065638,-0.4621296461500779,11.520616968575778,12.369632973335793,1387.580573017728,1.0000000000000697,-4.889246426386141,10.097033510190355,False,ideal_fractional_SPY_not_Exness_no_margin_check
fixed60_stop1,2,opposite,1500,2.0,362,1377.0965342915492,-8.193564380563389,-1.2138270435548049,21.91814916287344,23.398198906949595,1281.3386739764028,1.0000000000000697,-9.624753191420954,20.194067020380714,False,ideal_fractional_SPY_not_Exness_no_margin_check
fixed60_stop1,2,opposite,1500,3.0,362,1279.3701801345708,-14.708654657695286,-2.247183197970204,32.10664210726392,33.34779807815907,1181.1451234672484,1.00000000000007,-14.20655240158447,30.291100530571075,False,ideal_fractional_SPY_not_Exness_no_margin_check
fixed60_stop1,2,opposite,1500,4.0,362,1164.4962579387077,-22.36691613741949,-3.552182291116368,41.95414033033132,43.178743558737054,1059.216271324843,1.0000000000000697,-18.634975438935996,40.38813404076143,False,ideal_fractional_SPY_not_Exness_no_margin_check
fixed60_stop1,2,opposite,1500,5.0,362,1038.5209687192269,-30.765268752051544,-5.116839053424183,51.05143437721683,52.33756551317767,928.8551203262949,1.0000000000000697,-22.910640125360203,50.48516755095179,False,ideal_fractional_SPY_not_Exness_no_margin_check
fixed60_stop1,2,opposite,2000,1.0,362,1936.1919407868677,-3.190402960656613,-0.4621296461501112,11.5206169685758,12.369632973335792,1850.1074306903035,1.0000000000000697,-4.8892464263861735,10.097033510190357,False,ideal_fractional_SPY_not_Exness_no_margin_check
fixed60_stop1,2,opposite,2000,2.0,362,1836.1287123887334,-8.193564380563323,-1.2138270435547938,21.918149162873455,23.398198906949613,1708.4515653018702,1.0000000000000697,-9.624753191420965,20.194067020380714,False,ideal_fractional_SPY_not_Exness_no_margin_check
fixed60_stop1,2,opposite,2000,3.0,362,1705.8269068460963,-14.708654657695186,-2.247183197970193,32.10664210726381,33.347798078159016,1574.860164622997,1.0000000000000697,-14.20655240158446,30.29110053057107,False,ideal_fractional_SPY_not_Exness_no_margin_check
fixed60_stop1,2,opposite,2000,4.0,362,1552.6616772516102,-22.36691613741949,-3.552182291116368,41.95414033033131,43.17874355873705,1412.2883617664584,1.0000000000000697,-18.634975438935975,40.38813404076143,False,ideal_fractional_SPY_not_Exness_no_margin_check
fixed60_stop1,2,opposite,2000,5.0,362,1384.6946249589703,-30.76526875205149,-5.1168390534241714,51.0514343772168,52.337565513177644,1238.473493768394,1.0000000000000697,-22.910640125360217,50.485167550951786,False,ideal_fractional_SPY_not_Exness_no_margin_check
fixed60_stop1,2,opposite,2500,1.0,362,2420.239925983587,-3.1904029606565243,-0.4621296461501001,11.520616968575839,12.369632973335856,2312.6342883628795,1.0000000000000697,-4.8892464263861175,10.097033510190355,False,ideal_fractional_SPY_not_Exness_no_margin_check
fixed60_stop1,2,opposite,2500,2.0,362,2295.160890485921,-8.193564380563167,-1.2138270435547716,21.9181491628734,23.398198906949553,2135.564456627338,1.0000000000000697,-9.624753191420965,20.194067020380714,False,ideal_fractional_SPY_not_Exness_no_margin_check
fixed60_stop1,2,opposite,2500,3.0,362,2132.2836335576167,-14.70865465769533,-2.247183197970215,32.106642107263895,33.347798078159066,1968.575205778746,1.00000000000007,-14.206552401584416,30.291100530571065,False,ideal_fractional_SPY_not_Exness_no_margin_check
fixed60_stop1,2,opposite,2500,4.0,362,1940.8270965645122,-22.366916137419512,-3.552182291116379,41.9541403303313,43.17874355873704,1765.3604522080725,1.0000000000000697,-18.634975438935964,40.38813404076143,False,ideal_fractional_SPY_not_Exness_no_margin_check
fixed60_stop1,2,opposite,2500,5.0,362,1730.8682811987096,-30.76526875205161,-5.116839053424194,51.0514343772169,52.33756551317774,1548.0918672104895,1.0000000000000697,-22.91064012536024,50.485167550951786,False,ideal_fractional_SPY_not_Exness_no_margin_check
fixed60_stop1,2,opposite,3000,1.0,362,2904.2879111803086,-3.19040296065638,-0.4621296461500779,11.520616968575778,12.369632973335793,2775.161146035456,1.0000000000000697,-4.889246426386141,10.097033510190355,False,ideal_fractional_SPY_not_Exness_no_margin_check
fixed60_stop1,2,opposite,3000,2.0,362,2754.1930685830985,-8.193564380563389,-1.2138270435548049,21.91814916287344,23.398198906949595,2562.6773479528056,1.0000000000000697,-9.624753191420954,20.194067020380714,False,ideal_fractional_SPY_not_Exness_no_margin_check
fixed60_stop1,2,opposite,3000,3.0,362,2558.7403602691415,-14.708654657695286,-2.247183197970204,32.10664210726392,33.34779807815907,2362.2902469344967,1.00000000000007,-14.20655240158447,30.291100530571075,False,ideal_fractional_SPY_not_Exness_no_margin_check
fixed60_stop1,2,opposite,3000,4.0,362,2328.9925158774154,-22.36691613741949,-3.552182291116368,41.95414033033132,43.178743558737054,2118.432542649686,1.0000000000000697,-18.634975438935996,40.38813404076143,False,ideal_fractional_SPY_not_Exness_no_margin_check
fixed60_stop1,2,opposite,3000,5.0,362,2077.0419374384537,-30.765268752051544,-5.116839053424183,51.05143437721683,52.33756551317767,1857.7102406525898,1.0000000000000697,-22.910640125360203,50.48516755095179,False,ideal_fractional_SPY_not_Exness_no_margin_check
runner_stop1,2,opposite,500,1.0,362,545.4938360357767,9.098767207155323,1.2518191481559748,22.670312080565154,23.507860458855202,484.31457855773186,1.0000000000000697,-6.1856482483541475,10.097033510190357,False,ideal_fractional_SPY_not_Exness_no_margin_check
runner_stop1,2,opposite,500,2.0,362,564.4956067928326,12.899121358566523,1.748314369969628,41.61477417595004,42.810606929640976,468.9212198051427,1.0000000000000697,-12.065736711589947,20.194067020380714,False,ideal_fractional_SPY_not_Exness_no_margin_check
runner_stop1,2,opposite,500,3.0,362,554.8447763326396,10.968955266527924,1.4979701140560353,57.085824651222104,58.38054100754493,453.81993488010795,1.00000000000007,-17.650684463058177,30.291100530571068,False,ideal_fractional_SPY_not_Exness_no_margin_check
runner_stop1,2,opposite,500,4.0,362,518.6172175799488,3.723443515989766,0.523622912863897,69.24866379637814,70.47724805250076,439.0106081202931,1.0000000000000697,-22.95080488448861,40.388134040761436,False,ideal_fractional_SPY_not_Exness_no_margin_check
runner_stop1,2,opposite,500,5.0,362,461.47992490379426,-7.704015019241151,-1.1387458587064136,78.5109336207946,79.57683509891788,424.49299777479854,1.0000000000000697,-27.97629320497349,50.48516755095179,False,ideal_fractional_SPY_not_Exness_no_margin_check
runner_stop1,2,opposite,1000,1.0,362,1090.9876720715533,9.098767207155323,1.2518191481559748,22.670312080565154,23.507860458855202,968.6291571154637,1.0000000000000697,-6.1856482483541475,10.097033510190357,False,ideal_fractional_SPY_not_Exness_no_margin_check
runner_stop1,2,opposite,1000,2.0,362,1128.9912135856653,12.899121358566523,1.748314369969628,41.61477417595004,42.810606929640976,937.8424396102854,1.0000000000000697,-12.065736711589947,20.194067020380714,False,ideal_fractional_SPY_not_Exness_no_margin_check
runner_stop1,2,opposite,1000,3.0,362,1109.6895526652793,10.968955266527924,1.4979701140560353,57.085824651222104,58.38054100754493,907.6398697602159,1.00000000000007,-17.650684463058177,30.291100530571068,False,ideal_fractional_SPY_not_Exness_no_margin_check
runner_stop1,2,opposite,1000,4.0,362,1037.2344351598977,3.723443515989766,0.523622912863897,69.24866379637814,70.47724805250076,878.0212162405862,1.0000000000000697,-22.95080488448861,40.388134040761436,False,ideal_fractional_SPY_not_Exness_no_margin_check
runner_stop1,2,opposite,1000,5.0,362,922.9598498075885,-7.704015019241151,-1.1387458587064136,78.5109336207946,79.57683509891788,848.9859955495971,1.0000000000000697,-27.97629320497349,50.48516755095179,False,ideal_fractional_SPY_not_Exness_no_margin_check
runner_stop1,2,opposite,1500,1.0,362,1636.4815081073295,9.098767207155301,1.2518191481559748,22.670312080565242,23.50786045885527,1452.9437356731955,1.00000000000007,-6.18564824835418,10.097033510190359,False,ideal_fractional_SPY_not_Exness_no_margin_check
runner_stop1,2,opposite,1500,2.0,362,1693.4868203784981,12.899121358566546,1.748314369969628,41.614774175950046,42.810606929640976,1406.763659415428,1.00000000000007,-12.065736711589924,20.194067020380714,False,ideal_fractional_SPY_not_Exness_no_margin_check
runner_stop1,2,opposite,1500,3.0,362,1664.5343289979162,10.968955266527747,1.497970114056013,57.08582465122212,58.38054100754496,1361.4598046403241,1.00000000000007,-17.650684463058187,30.291100530571075,False,ideal_fractional_SPY_not_Exness_no_margin_check
runner_stop1,2,opposite,1500,4.0,362,1555.8516527398458,3.7234435159897217,0.523622912863897,69.24866379637818,70.47724805250078,1317.0318243608797,1.0000000000000697,-22.950804884488562,40.38813404076143,False,ideal_fractional_SPY_not_Exness_no_margin_check
runner_stop1,2,opposite,1500,5.0,362,1384.4397747113844,-7.704015019241039,-1.1387458587063914,78.51093362079457,79.57683509891785,1273.4789933243958,1.0000000000000697,-27.97629320497346,50.48516755095179,False,ideal_fractional_SPY_not_Exness_no_margin_check
runner_stop1,2,opposite,2000,1.0,362,2181.9753441431067,9.098767207155323,1.2518191481559748,22.670312080565154,23.507860458855202,1937.2583142309275,1.0000000000000697,-6.1856482483541475,10.097033510190357,False,ideal_fractional_SPY_not_Exness_no_margin_check
runner_stop1,2,opposite,2000,2.0,362,2257.9824271713305,12.899121358566523,1.748314369969628,41.61477417595004,42.810606929640976,1875.6848792205708,1.0000000000000697,-12.065736711589947,20.194067020380714,False,ideal_fractional_SPY_not_Exness_no_margin_check
runner_stop1,2,opposite,2000,3.0,362,2219.3791053305586,10.968955266527924,1.4979701140560353,57.085824651222104,58.38054100754493,1815.2797395204318,1.00000000000007,-17.650684463058177,30.291100530571068,False,ideal_fractional_SPY_not_Exness_no_margin_check
runner_stop1,2,opposite,2000,4.0,362,2074.4688703197953,3.723443515989766,0.523622912863897,69.24866379637814,70.47724805250076,1756.0424324811725,1.0000000000000697,-22.95080488448861,40.388134040761436,False,ideal_fractional_SPY_not_Exness_no_margin_check
runner_stop1,2,opposite,2000,5.0,362,1845.919699615177,-7.704015019241151,-1.1387458587064136,78.5109336207946,79.57683509891788,1697.9719910991942,1.0000000000000697,-27.97629320497349,50.48516755095179,False,ideal_fractional_SPY_not_Exness_no_margin_check
runner_stop1,2,opposite,2500,1.0,362,2727.469180178886,9.098767207155433,1.2518191481559748,22.67031208056519,23.507860458855227,2421.57289278866,1.0000000000000697,-6.18564824835417,10.097033510190355,False,ideal_fractional_SPY_not_Exness_no_margin_check
runner_stop1,2,opposite,2500,2.0,362,2822.478033964161,12.899121358566434,1.748314369969628,41.61477417595003,42.81060692964097,2344.606099025714,1.00000000000007,-12.065736711589937,20.194067020380718,False,ideal_fractional_SPY_not_Exness_no_margin_check
runner_stop1,2,opposite,2500,3.0,362,2774.2238816632016,10.968955266528058,1.4979701140560575,57.08582465122207,58.38054100754492,2269.0996744005406,1.0000000000000697,-17.650684463058177,30.29110053057107,False,ideal_fractional_SPY_not_Exness_no_margin_check
runner_stop1,2,opposite,2500,4.0,362,2593.0860878997414,3.723443515989655,0.523622912863897,69.24866379637818,70.4772480525008,2195.053040601465,1.0000000000000697,-22.950804884488583,40.38813404076143,False,ideal_fractional_SPY_not_Exness_no_margin_check
runner_stop1,2,opposite,2500,5.0,362,2307.39962451897,-7.704015019241195,-1.1387458587064136,78.5109336207946,79.5768350989179,2122.464988873993,1.0000000000000697,-27.9762932049735,50.48516755095179,False,ideal_fractional_SPY_not_Exness_no_margin_check
runner_stop1,2,opposite,3000,1.0,362,3272.963016214659,9.098767207155301,1.2518191481559748,22.670312080565242,23.50786045885527,2905.887471346391,1.00000000000007,-6.18564824835418,10.097033510190359,False,ideal_fractional_SPY_not_Exness_no_margin_check
runner_stop1,2,opposite,3000,2.0,362,3386.9736407569962,12.899121358566546,1.748314369969628,41.614774175950046,42.810606929640976,2813.527318830856,1.00000000000007,-12.065736711589924,20.194067020380714,False,ideal_fractional_SPY_not_Exness_no_margin_check
runner_stop1,2,opposite,3000,3.0,362,3329.0686579958324,10.968955266527747,1.497970114056013,57.08582465122212,58.38054100754496,2722.9196092806483,1.00000000000007,-17.650684463058187,30.291100530571075,False,ideal_fractional_SPY_not_Exness_no_margin_check
runner_stop1,2,opposite,3000,4.0,362,3111.7033054796916,3.7234435159897217,0.523622912863897,69.24866379637818,70.47724805250078,2634.0636487217594,1.0000000000000697,-22.950804884488562,40.38813404076143,False,ideal_fractional_SPY_not_Exness_no_margin_check
runner_stop1,2,opposite,3000,5.0,362,2768.879549422769,-7.704015019241039,-1.1387458587063914,78.51093362079457,79.57683509891785,2546.9579866487916,1.0000000000000697,-27.97629320497346,50.48516755095179,False,ideal_fractional_SPY_not_Exness_no_margin_check
runner_stop1,2,no_opposite,500,1.0,362,520.021199374156,4.004239874831206,0.5624541578468811,23.751734334779094,24.68666012372819,484.31457855773186,1.0000000000000697,-6.1856482483541475,10.097033510190357,False,ideal_fractional_SPY_not_Exness_no_margin_check
runner_stop1,2,no_opposite,500,2.0,362,512.9935278137814,2.598705562756276,0.3671743010601469,43.310466182201765,44.69106397397049,468.9212198051427,1.0000000000000697,-12.065736711589937,20.194067020380714,False,ideal_fractional_SPY_not_Exness_no_margin_check
runner_stop1,2,no_opposite,500,3.0,362,480.6342660023152,-3.873146799536964,-0.5627176265291411,58.88779230178489,60.37932997606471,453.81993488010795,1.0000000000000697,-17.65068446305821,30.291100530571068,False,ideal_fractional_SPY_not_Exness_no_margin_check
runner_stop1,2,no_opposite,500,4.0,362,428.1910323842896,-14.361793523142087,-2.1904906175438166,70.90859138971007,72.30623122487472,414.5940797942472,1.0000000000000697,-22.950804884488573,40.38813404076143,False,ideal_fractional_SPY_not_Exness_no_margin_check
runner_stop1,2,no_opposite,500,5.0,362,363.1038032822023,-27.379239343559536,-4.467412243366198,79.90923367961493,81.10758893568985,349.2227914460757,1.0000000000000697,-27.97629320497347,50.485167550951786,False,ideal_fractional_SPY_not_Exness_no_margin_check
runner_stop1,2,no_opposite,1000,1.0,362,1040.042398748312,4.004239874831206,0.5624541578468811,23.751734334779094,24.68666012372819,968.6291571154637,1.0000000000000697,-6.1856482483541475,10.097033510190357,False,ideal_fractional_SPY_not_Exness_no_margin_check
runner_stop1,2,no_opposite,1000,2.0,362,1025.9870556275628,2.598705562756276,0.3671743010601469,43.310466182201765,44.69106397397049,937.8424396102854,1.0000000000000697,-12.065736711589937,20.194067020380714,False,ideal_fractional_SPY_not_Exness_no_margin_check
runner_stop1,2,no_opposite,1000,3.0,362,961.2685320046304,-3.873146799536964,-0.5627176265291411,58.88779230178489,60.37932997606471,907.6398697602159,1.0000000000000697,-17.65068446305821,30.291100530571068,False,ideal_fractional_SPY_not_Exness_no_margin_check
runner_stop1,2,no_opposite,1000,4.0,362,856.3820647685792,-14.361793523142087,-2.1904906175438166,70.90859138971007,72.30623122487472,829.1881595884944,1.0000000000000697,-22.950804884488573,40.38813404076143,False,ideal_fractional_SPY_not_Exness_no_margin_check
runner_stop1,2,no_opposite,1000,5.0,362,726.2076065644046,-27.379239343559536,-4.467412243366198,79.90923367961493,81.10758893568985,698.4455828921514,1.0000000000000697,-27.97629320497347,50.485167550951786,False,ideal_fractional_SPY_not_Exness_no_margin_check
runner_stop1,2,no_opposite,1500,1.0,362,1560.063598122464,4.004239874830939,0.5624541578468367,23.751734334779105,24.686660123728192,1452.9437356731955,1.0000000000000697,-6.1856482483541475,10.097033510190357,False,ideal_fractional_SPY_not_Exness_no_margin_check
runner_stop1,2,no_opposite,1500,2.0,362,1538.9805834413417,2.5987055627561206,0.3671743010601247,43.3104661822018,44.69106397397052,1406.763659415428,1.0000000000000697,-12.065736711589937,20.194067020380714,False,ideal_fractional_SPY_not_Exness_no_margin_check
runner_stop1,2,no_opposite,1500,3.0,362,1441.9027980069493,-3.8731467995367086,-0.5627176265291078,58.887792301784835,60.379329976064646,1361.4598046403241,1.0000000000000697,-17.650684463058177,30.291100530571068,False,ideal_fractional_SPY_not_Exness_no_margin_check
runner_stop1,2,no_opposite,1500,4.0,362,1284.5730971528665,-14.36179352314223,-2.190490617543839,70.9085913897101,72.30623122487474,1243.7822393827396,1.0000000000000697,-22.950804884488583,40.38813404076143,False,ideal_fractional_SPY_not_Exness_no_margin_check
runner_stop1,2,no_opposite,1500,5.0,362,1089.3114098466076,-27.37923934355949,-4.467412243366187,79.90923367961489,81.10758893568982,1047.6683743382273,1.0000000000000697,-27.97629320497346,50.485167550951786,False,ideal_fractional_SPY_not_Exness_no_margin_check
runner_stop1,2,no_opposite,2000,1.0,362,2080.084797496624,4.004239874831206,0.5624541578468811,23.751734334779094,24.68666012372819,1937.2583142309275,1.0000000000000697,-6.1856482483541475,10.097033510190357,False,ideal_fractional_SPY_not_Exness_no_margin_check
runner_stop1,2,no_opposite,2000,2.0,362,2051.9741112551255,2.598705562756276,0.3671743010601469,43.310466182201765,44.69106397397049,1875.6848792205708,1.0000000000000697,-12.065736711589937,20.194067020380714,False,ideal_fractional_SPY_not_Exness_no_margin_check
runner_stop1,2,no_opposite,2000,3.0,362,1922.5370640092608,-3.873146799536964,-0.5627176265291411,58.88779230178489,60.37932997606471,1815.2797395204318,1.0000000000000697,-17.65068446305821,30.291100530571068,False,ideal_fractional_SPY_not_Exness_no_margin_check
runner_stop1,2,no_opposite,2000,4.0,362,1712.7641295371584,-14.361793523142087,-2.1904906175438166,70.90859138971007,72.30623122487472,1658.3763191769888,1.0000000000000697,-22.950804884488573,40.38813404076143,False,ideal_fractional_SPY_not_Exness_no_margin_check
runner_stop1,2,no_opposite,2000,5.0,362,1452.4152131288092,-27.379239343559536,-4.467412243366198,79.90923367961493,81.10758893568985,1396.8911657843028,1.0000000000000697,-27.97629320497347,50.485167550951786,False,ideal_fractional_SPY_not_Exness_no_margin_check
runner_stop1,2,no_opposite,2500,1.0,362,2600.1059968707796,4.004239874831184,0.5624541578468811,23.751734334779016,24.686660123728103,2421.57289278866,1.0000000000000697,-6.1856482483541475,10.097033510190357,False,ideal_fractional_SPY_not_Exness_no_margin_check
runner_stop1,2,no_opposite,2500,2.0,362,2564.967639068903,2.5987055627561206,0.3671743010601247,43.31046618220181,44.69106397397052,2344.606099025714,1.0000000000000697,-12.065736711589924,20.194067020380714,False,ideal_fractional_SPY_not_Exness_no_margin_check
runner_stop1,2,no_opposite,2500,3.0,362,2403.1713300115825,-3.8731467995366975,-0.5627176265291078,58.88779230178487,60.37932997606469,2269.0996744005406,1.0000000000000697,-17.650684463058187,30.291100530571068,False,ideal_fractional_SPY_not_Exness_no_margin_check
runner_stop1,2,no_opposite,2500,4.0,362,2140.9551619214467,-14.36179352314213,-2.1904906175438277,70.90859138971008,72.30623122487472,2072.970398971235,1.00000000000007,-22.950804884488583,40.38813404076143,False,ideal_fractional_SPY_not_Exness_no_margin_check
runner_stop1,2,no_opposite,2500,5.0,362,1815.519016411008,-27.379239343559682,-4.46741224336622,79.90923367961494,81.10758893568986,1746.1139572303746,1.0000000000000697,-27.97629320497347,50.48516755095179,False,ideal_fractional_SPY_not_Exness_no_margin_check
runner_stop1,2,no_opposite,3000,1.0,362,3120.127196244928,4.004239874830939,0.5624541578468367,23.751734334779105,24.686660123728192,2905.887471346391,1.0000000000000697,-6.1856482483541475,10.097033510190357,False,ideal_fractional_SPY_not_Exness_no_margin_check
runner_stop1,2,no_opposite,3000,2.0,362,3077.9611668826833,2.5987055627561206,0.3671743010601247,43.3104661822018,44.69106397397052,2813.527318830856,1.0000000000000697,-12.065736711589937,20.194067020380714,False,ideal_fractional_SPY_not_Exness_no_margin_check
runner_stop1,2,no_opposite,3000,3.0,362,2883.8055960138986,-3.8731467995367086,-0.5627176265291078,58.887792301784835,60.379329976064646,2722.9196092806483,1.0000000000000697,-17.650684463058177,30.291100530571068,False,ideal_fractional_SPY_not_Exness_no_margin_check
runner_stop1,2,no_opposite,3000,4.0,362,2569.146194305733,-14.36179352314223,-2.190490617543839,70.9085913897101,72.30623122487474,2487.564478765479,1.0000000000000697,-22.950804884488583,40.38813404076143,False,ideal_fractional_SPY_not_Exness_no_margin_check
runner_stop1,2,no_opposite,3000,5.0,362,2178.622819693215,-27.37923934355949,-4.467412243366187,79.90923367961489,81.10758893568982,2095.3367486764546,1.0000000000000697,-27.97629320497346,50.485167550951786,False,ideal_fractional_SPY_not_Exness_no_margin_check
