capital,stress,shares,entry_fill,cash_borrowed,final_balance,return_pct,annualized_return_pct,modeled_marked_dd_pct,session_close_dd_pct,invested_fraction,round_trips,sizing,entry_time,exit_time,elapsed_years
500,1,2.7174828938595983,183.99379850000005,0.0,1015.9091306275733,103.18182612551468,10.664674773961558,35.631709331131304,34.237829209896255,1.0,1,fractional_cash_SPY_not_CFD_no_dividends_no_risk_per_trade,2014-01-02 14:30:00+00:00,2020-12-31 21:00:00+00:00,6.9959502623773675
1000,1,5.434965787719197,183.99379850000005,0.0,2031.8182612551466,103.18182612551468,10.664674773961558,35.631709331131304,34.237829209896255,1.0,1,fractional_cash_SPY_not_CFD_no_dividends_no_risk_per_trade,2014-01-02 14:30:00+00:00,2020-12-31 21:00:00+00:00,6.9959502623773675
1500,1,8.152448681578795,183.99379850000005,0.0,3047.72739188272,103.18182612551468,10.664674773961558,35.6317093311313,34.23782920989626,1.0,1,fractional_cash_SPY_not_CFD_no_dividends_no_risk_per_trade,2014-01-02 14:30:00+00:00,2020-12-31 21:00:00+00:00,6.9959502623773675
2000,1,10.869931575438393,183.99379850000005,0.0,4063.636522510293,103.18182612551468,10.664674773961558,35.631709331131304,34.237829209896255,1.0,1,fractional_cash_SPY_not_CFD_no_dividends_no_risk_per_trade,2014-01-02 14:30:00+00:00,2020-12-31 21:00:00+00:00,6.9959502623773675
2500,1,13.587414469297993,183.99379850000005,0.0,5079.545653137867,103.18182612551468,10.664674773961558,35.63170933113129,34.23782920989626,1.0,1,fractional_cash_SPY_not_CFD_no_dividends_no_risk_per_trade,2014-01-02 14:30:00+00:00,2020-12-31 21:00:00+00:00,6.9959502623773675
3000,1,16.30489736315759,183.99379850000005,0.0,6095.45478376544,103.18182612551468,10.664674773961558,35.6317093311313,34.23782920989626,1.0,1,fractional_cash_SPY_not_CFD_no_dividends_no_risk_per_trade,2014-01-02 14:30:00+00:00,2020-12-31 21:00:00+00:00,6.9959502623773675
500,2,2.7172791132096568,184.00759700000003,0.0,1015.756755684386,103.15135113687721,10.662302040757954,35.6317093311313,34.23782920989626,1.0,1,fractional_cash_SPY_not_CFD_no_dividends_no_risk_per_trade,2014-01-02 14:30:00+00:00,2020-12-31 21:00:00+00:00,6.9959502623773675
1000,2,5.4345582264193135,184.00759700000003,0.0,2031.513511368772,103.15135113687721,10.662302040757954,35.6317093311313,34.23782920989626,1.0,1,fractional_cash_SPY_not_CFD_no_dividends_no_risk_per_trade,2014-01-02 14:30:00+00:00,2020-12-31 21:00:00+00:00,6.9959502623773675
1500,2,8.15183733962897,184.00759700000003,0.0,3047.270267053158,103.15135113687721,10.662302040757954,35.63170933113129,34.23782920989626,1.0,1,fractional_cash_SPY_not_CFD_no_dividends_no_risk_per_trade,2014-01-02 14:30:00+00:00,2020-12-31 21:00:00+00:00,6.9959502623773675
2000,2,10.869116452838627,184.00759700000003,0.0,4063.027022737544,103.15135113687721,10.662302040757954,35.6317093311313,34.23782920989626,1.0,1,fractional_cash_SPY_not_CFD_no_dividends_no_risk_per_trade,2014-01-02 14:30:00+00:00,2020-12-31 21:00:00+00:00,6.9959502623773675
2500,2,13.586395566048283,184.00759700000003,0.0,5078.78377842193,103.15135113687721,10.662302040757954,35.63170933113129,34.23782920989626,1.0,1,fractional_cash_SPY_not_CFD_no_dividends_no_risk_per_trade,2014-01-02 14:30:00+00:00,2020-12-31 21:00:00+00:00,6.9959502623773675
3000,2,16.30367467925794,184.00759700000003,0.0,6094.540534106316,103.15135113687721,10.662302040757954,35.63170933113129,34.23782920989626,1.0,1,fractional_cash_SPY_not_CFD_no_dividends_no_risk_per_trade,2014-01-02 14:30:00+00:00,2020-12-31 21:00:00+00:00,6.9959502623773675
