scope,decile,n,prediction,actual,lower,upper
all_test,1,1754,-0.06993457325807177,0.0035003685790001814,-0.22133921862808179,-0.04638929102812013
all_test,2,1753,-0.03427835706875533,0.01353195007231063,-0.04637036465063604,-0.024040538261826033
all_test,3,1753,-0.016243103270635422,0.011428088034519118,-0.024035923830530888,-0.00879986419765627
all_test,4,1754,-0.002127145317108172,0.014887623194387271,-0.008797894601032818,0.004148272426452217
all_test,5,1753,0.009954655921830985,-0.002223610031902449,0.004153794209669971,0.015653672495390243
all_test,6,1753,0.020952709665898725,-0.020327464059570637,0.015654612214962033,0.026509564808648415
all_test,7,1754,0.0322495913117725,0.01197270340897407,0.026514327534507196,0.03820054281066449
all_test,8,1753,0.0449287339944139,0.0011936669377405078,0.03820275386231022,0.05230411623152826
all_test,9,1753,0.06175390641849895,0.0330602027857946,0.05230682768246523,0.0734841996911394
all_test,10,1754,0.0986488665408317,0.01356867572871385,0.07353955027870634,0.2684391062570677
selected_entries,1,37,-0.13627865450185234,-0.1872776404973877,-0.22133921862808179,-0.11073672093387654
selected_entries,2,36,-0.10116285646435878,-0.13846899423022305,-0.1102706371653201,-0.09342159160326591
selected_entries,3,36,-0.0853329787703838,-0.06129626576347655,-0.09338061796351269,-0.07605253435175899
selected_entries,4,36,0.00826384416669284,0.08342041349413815,-0.07600231417606788,0.09248539548608162
selected_entries,5,36,0.10039046616245395,0.09595816559522481,0.09277711789711596,0.10715556534059235
selected_entries,6,36,0.11207917554194911,0.013404103975552976,0.10741031576768721,0.11728149468163739
selected_entries,7,36,0.12159547124291678,0.0874574379771577,0.1174909281159555,0.12595181100396888
selected_entries,8,36,0.13141379890892443,0.15947309710739005,0.1266946098814719,0.13675647545235606
selected_entries,9,36,0.14679618274371892,0.043875876975688996,0.1371300931840786,0.15916786493738655
selected_entries,10,37,0.191961129532285,0.20737212847614114,0.16017941181625536,0.2684391062570677
