model,variant,stress,month,trades,net_r,stop_rate
ebm,fixed60_stop2,1,2014-01,2,-0.1550351646305228,0.0
ebm,fixed60_stop2,1,2014-02,4,-0.6797157776700458,0.0
ebm,fixed60_stop2,1,2014-03,2,0.2341377706277374,0.0
ebm,fixed60_stop2,1,2014-04,2,-1.0426304823676356,0.5
ebm,fixed60_stop2,1,2014-05,5,-1.283406230416127,0.0
ebm,fixed60_stop2,1,2014-06,2,0.8771233926731956,0.0
ebm,fixed60_stop2,1,2014-07,4,0.3615215862099077,0.0
ebm,fixed60_stop2,1,2014-08,2,0.2835072952219692,0.0
ebm,fixed60_stop2,1,2014-09,4,-0.5528327713389181,0.0
ebm,fixed60_stop2,1,2014-10,5,-0.080512651962546,0.0
ebm,fixed60_stop2,1,2014-11,2,-0.1540957410631315,0.0
ebm,fixed60_stop2,1,2014-12,2,0.927583020561818,0.0
ebm,fixed60_stop2,1,2015-01,3,1.0697738546634288,0.0
ebm,fixed60_stop2,1,2015-02,1,0.0693849191945713,0.0
ebm,fixed60_stop2,1,2015-03,1,0.0421675254453801,0.0
ebm,fixed60_stop2,1,2015-04,4,-0.1501631673938376,0.25
ebm,fixed60_stop2,1,2015-05,2,0.1449031687878837,0.0
ebm,fixed60_stop2,1,2015-06,3,0.3402931334687366,0.0
ebm,fixed60_stop2,1,2015-07,3,1.59129131646425,0.0
ebm,fixed60_stop2,1,2015-08,3,0.3705522574422013,0.0
ebm,fixed60_stop2,1,2015-09,4,0.0835067014806908,0.0
ebm,fixed60_stop2,1,2015-10,0,0.0,
ebm,fixed60_stop2,1,2015-11,2,0.5550880093591276,0.0
ebm,fixed60_stop2,1,2015-12,3,0.2954173940458205,0.0
ebm,fixed60_stop2,1,2016-01,17,1.2838266100559437,0.0
ebm,fixed60_stop2,1,2016-02,14,0.168797618222358,0.0
ebm,fixed60_stop2,1,2016-03,11,-0.2550610349819076,0.09090909090909091
ebm,fixed60_stop2,1,2016-04,8,1.0333310249701082,0.125
ebm,fixed60_stop2,1,2016-05,10,1.4894230780673805,0.0
ebm,fixed60_stop2,1,2016-06,10,-0.557941200206717,0.1
ebm,fixed60_stop2,1,2016-07,4,0.6262869839042915,0.0
ebm,fixed60_stop2,1,2016-08,5,-0.6338471748535235,0.0
ebm,fixed60_stop2,1,2016-09,6,0.1799459631250188,0.0
ebm,fixed60_stop2,1,2016-10,9,-0.4551461916402327,0.1111111111111111
ebm,fixed60_stop2,1,2016-11,8,0.4898316107805186,0.125
ebm,fixed60_stop2,1,2016-12,3,0.5477560206526956,0.0
ebm,fixed60_stop2,1,2017-01,1,-0.4950449811897469,0.0
ebm,fixed60_stop2,1,2017-02,0,0.0,
ebm,fixed60_stop2,1,2017-03,0,0.0,
ebm,fixed60_stop2,1,2017-04,1,0.4399653952847175,0.0
ebm,fixed60_stop2,1,2017-05,1,-0.0788981670453575,0.0
ebm,fixed60_stop2,1,2017-06,1,0.3500621002217046,0.0
ebm,fixed60_stop2,1,2017-07,0,0.0,
ebm,fixed60_stop2,1,2017-08,0,0.0,
ebm,fixed60_stop2,1,2017-09,0,0.0,
ebm,fixed60_stop2,1,2017-10,0,0.0,
ebm,fixed60_stop2,1,2017-11,0,0.0,
ebm,fixed60_stop2,1,2017-12,1,0.2467863633859821,0.0
ebm,fixed60_stop2,1,2018-01,0,0.0,
ebm,fixed60_stop2,1,2018-02,1,0.5028329405533982,0.0
ebm,fixed60_stop2,1,2018-03,0,0.0,
ebm,fixed60_stop2,1,2018-04,0,0.0,
ebm,fixed60_stop2,1,2018-05,1,0.1192386632625782,0.0
ebm,fixed60_stop2,1,2018-06,0,0.0,
ebm,fixed60_stop2,1,2018-07,0,0.0,
ebm,fixed60_stop2,1,2018-08,0,0.0,
ebm,fixed60_stop2,1,2018-09,0,0.0,
ebm,fixed60_stop2,1,2018-10,3,-1.4234367681586095,0.3333333333333333
ebm,fixed60_stop2,1,2018-11,1,0.1389236429938391,0.0
ebm,fixed60_stop2,1,2018-12,0,0.0,
ebm,fixed60_stop2,1,2019-01,13,-0.5930176943481995,0.07692307692307693
ebm,fixed60_stop2,1,2019-02,6,0.5761106269752189,0.0
ebm,fixed60_stop2,1,2019-03,12,-0.0484388799619748,0.0
ebm,fixed60_stop2,1,2019-04,2,-0.0682651203809673,0.0
ebm,fixed60_stop2,1,2019-05,14,-0.7141977126335695,0.0
ebm,fixed60_stop2,1,2019-06,7,1.940526283318469,0.0
ebm,fixed60_stop2,1,2019-07,2,-0.0459185721915227,0.0
ebm,fixed60_stop2,1,2019-08,14,1.5524410968521396,0.0
ebm,fixed60_stop2,1,2019-09,8,-0.7496651885303758,0.125
ebm,fixed60_stop2,1,2019-10,9,0.6178804938831552,0.0
ebm,fixed60_stop2,1,2019-11,3,-0.535979989727486,0.0
ebm,fixed60_stop2,1,2019-12,5,-2.4743076920289973,0.4
ebm,fixed60_stop2,1,2020-01,3,0.1674015945125087,0.0
ebm,fixed60_stop2,1,2020-02,5,-0.9749940510029224,0.0
ebm,fixed60_stop2,1,2020-03,18,-0.0209157260883925,0.05555555555555555
ebm,fixed60_stop2,1,2020-04,10,-0.577440262176274,0.0
ebm,fixed60_stop2,1,2020-05,3,0.5233027039037382,0.0
ebm,fixed60_stop2,1,2020-06,9,0.9125796173137468,0.0
ebm,fixed60_stop2,1,2020-07,6,-1.4221341785137973,0.0
ebm,fixed60_stop2,1,2020-08,5,1.1279913363966474,0.0
ebm,fixed60_stop2,1,2020-09,8,0.0526077124918067,0.0
ebm,fixed60_stop2,1,2020-10,7,-0.3492579679350788,0.0
ebm,fixed60_stop2,1,2020-11,7,1.4627643201827152,0.0
ebm,fixed60_stop2,1,2020-12,5,-1.8923998020394892,0.2
ebm,fixed60_stop1,1,2014-01,2,-0.3086341255709813,0.0
ebm,fixed60_stop1,1,2014-02,4,-1.2710272392542414,0.5
ebm,fixed60_stop1,1,2014-03,2,0.4671516273443982,0.0
ebm,fixed60_stop1,1,2014-04,2,-1.0848168444538189,0.5
ebm,fixed60_stop1,1,2014-05,5,-2.7193195287032212,0.2
ebm,fixed60_stop1,1,2014-06,2,1.7409101541620988,0.0
ebm,fixed60_stop1,1,2014-07,4,0.457742974497227,0.25
ebm,fixed60_stop1,1,2014-08,2,0.564532773694179,0.0
ebm,fixed60_stop1,1,2014-09,4,-1.9515176981358064,0.5
ebm,fixed60_stop1,1,2014-10,5,-1.210636599291117,0.4
ebm,fixed60_stop1,1,2014-11,2,-0.3060898782009239,0.0
ebm,fixed60_stop1,1,2014-12,2,1.842514791955232,0.0
ebm,fixed60_stop1,1,2015-01,3,2.133480227627985,0.0
ebm,fixed60_stop1,1,2015-02,1,0.1379130826028635,0.0
ebm,fixed60_stop1,1,2015-03,1,0.0839631338376435,0.0
ebm,fixed60_stop1,1,2015-04,4,0.6896369869827786,0.25
ebm,fixed60_stop1,1,2015-05,2,0.2884828647205971,0.0
ebm,fixed60_stop1,1,2015-06,3,0.6768547610910435,0.0
ebm,fixed60_stop1,1,2015-07,3,3.1676140345125345,0.0
ebm,fixed60_stop1,1,2015-08,3,0.7374281351001469,0.0
ebm,fixed60_stop1,1,2015-09,4,-0.1423117715558745,0.25
ebm,fixed60_stop1,1,2015-10,0,0.0,
ebm,fixed60_stop1,1,2015-11,2,1.1041125944293115,0.0
ebm,fixed60_stop1,1,2015-12,3,-0.3249042869759516,0.3333333333333333
ebm,fixed60_stop1,1,2016-01,17,2.4814150341440637,0.17647058823529413
ebm,fixed60_stop1,1,2016-02,14,-1.0924600644222406,0.14285714285714285
ebm,fixed60_stop1,1,2016-03,11,0.2450294589681578,0.18181818181818182
ebm,fixed60_stop1,1,2016-04,8,2.7371961108732696,0.375
ebm,fixed60_stop1,1,2016-05,10,1.7060625563300698,0.2
ebm,fixed60_stop1,1,2016-06,10,-0.1179703281633411,0.1
ebm,fixed60_stop1,1,2016-07,4,1.6872657210875115,0.25
ebm,fixed60_stop1,1,2016-08,5,-1.4213939506724702,0.4
ebm,fixed60_stop1,1,2016-09,6,0.4959399267673982,0.3333333333333333
ebm,fixed60_stop1,1,2016-10,9,0.0846978740904895,0.1111111111111111
ebm,fixed60_stop1,1,2016-11,8,2.1683795027988646,0.25
ebm,fixed60_stop1,1,2016-12,3,0.6101718357447655,0.3333333333333333
ebm,fixed60_stop1,1,2017-01,1,-0.9999999999999792,1.0
ebm,fixed60_stop1,1,2017-02,0,0.0,
ebm,fixed60_stop1,1,2017-03,0,0.0,
ebm,fixed60_stop1,1,2017-04,1,0.8754506820012559,0.0
ebm,fixed60_stop1,1,2017-05,1,-0.1571010114283709,0.0
ebm,fixed60_stop1,1,2017-06,1,0.6961769199238527,0.0
ebm,fixed60_stop1,1,2017-07,0,0.0,
ebm,fixed60_stop1,1,2017-08,0,0.0,
ebm,fixed60_stop1,1,2017-09,0,0.0,
ebm,fixed60_stop1,1,2017-10,0,0.0,
ebm,fixed60_stop1,1,2017-11,0,0.0,
ebm,fixed60_stop1,1,2017-12,1,0.4918750800416339,0.0
ebm,fixed60_stop1,1,2018-01,0,0.0,
ebm,fixed60_stop1,1,2018-02,1,1.001199228892644,0.0
ebm,fixed60_stop1,1,2018-03,0,0.0,
ebm,fixed60_stop1,1,2018-04,0,0.0,
ebm,fixed60_stop1,1,2018-05,1,0.2375358161086011,0.0
ebm,fixed60_stop1,1,2018-06,0,0.0,
ebm,fixed60_stop1,1,2018-07,0,0.0,
ebm,fixed60_stop1,1,2018-08,0,0.0,
ebm,fixed60_stop1,1,2018-09,0,0.0,
ebm,fixed60_stop1,1,2018-10,3,-1.8437102862211876,0.3333333333333333
ebm,fixed60_stop1,1,2018-11,1,0.2768367647812506,0.0
ebm,fixed60_stop1,1,2018-12,0,0.0,
ebm,fixed60_stop1,1,2019-01,13,-0.3289360351123929,0.23076923076923078
ebm,fixed60_stop1,1,2019-02,6,1.1480270510631767,0.0
ebm,fixed60_stop1,1,2019-03,12,-0.2306378447141789,0.16666666666666666
ebm,fixed60_stop1,1,2019-04,2,-0.1345573274247249,0.0
ebm,fixed60_stop1,1,2019-05,14,-4.657606886616319,0.5
ebm,fixed60_stop1,1,2019-06,7,3.863789753795385,0.0
ebm,fixed60_stop1,1,2019-07,2,-0.0911100615499584,0.0
ebm,fixed60_stop1,1,2019-08,14,3.493901229758507,0.07142857142857142
ebm,fixed60_stop1,1,2019-09,8,0.4711862886718594,0.25
ebm,fixed60_stop1,1,2019-10,9,1.451211530845475,0.1111111111111111
ebm,fixed60_stop1,1,2019-11,3,-1.0651998045409945,0.0
ebm,fixed60_stop1,1,2019-12,5,-3.008268970742609,0.6
ebm,fixed60_stop1,1,2020-01,3,0.3335754929291066,0.0
ebm,fixed60_stop1,1,2020-02,5,-3.2445206760859207,0.8
ebm,fixed60_stop1,1,2020-03,18,0.7498929221793476,0.16666666666666666
ebm,fixed60_stop1,1,2020-04,10,-2.3255546135908505,0.4
ebm,fixed60_stop1,1,2020-05,3,1.0435573400322606,0.0
ebm,fixed60_stop1,1,2020-06,9,1.821980883087042,0.0
ebm,fixed60_stop1,1,2020-07,6,-1.65325153802237,0.5
ebm,fixed60_stop1,1,2020-08,5,2.249124801560389,0.0
ebm,fixed60_stop1,1,2020-09,8,-0.1740945845580176,0.125
ebm,fixed60_stop1,1,2020-10,7,-0.6326117278478084,0.2857142857142857
ebm,fixed60_stop1,1,2020-11,7,2.9164595762128696,0.0
ebm,fixed60_stop1,1,2020-12,5,-2.4475373236039166,0.4
ebm,runner_stop1,1,2014-01,2,-0.6090953307945366,0.5
ebm,runner_stop1,1,2014-02,4,-1.4121602115516034,0.75
ebm,runner_stop1,1,2014-03,2,1.5682665619624163,0.0
ebm,runner_stop1,1,2014-04,2,-0.303987171442627,0.5
ebm,runner_stop1,1,2014-05,5,0.8570512740725587,0.4
ebm,runner_stop1,1,2014-06,2,3.5169027344587795,0.0
ebm,runner_stop1,1,2014-07,4,1.5477414390646398,0.25
ebm,runner_stop1,1,2014-08,2,0.6345612045896822,0.5
ebm,runner_stop1,1,2014-09,4,0.0648820717436351,0.5
ebm,runner_stop1,1,2014-10,5,-2.631400152825351,0.8
ebm,runner_stop1,1,2014-11,2,-1.4020843020541782,0.5
ebm,runner_stop1,1,2014-12,2,-0.3594048097858204,1.0
ebm,runner_stop1,1,2015-01,3,-1.5166674862589151,1.0
ebm,runner_stop1,1,2015-02,1,3.694806793300029,0.0
ebm,runner_stop1,1,2015-03,1,1.5383456427301707,0.0
ebm,runner_stop1,1,2015-04,4,0.1425356347589277,0.75
ebm,runner_stop1,1,2015-05,2,1.2299898086034693,0.0
ebm,runner_stop1,1,2015-06,3,-1.2015376397700153,0.6666666666666666
ebm,runner_stop1,1,2015-07,3,4.578836378677053,0.3333333333333333
ebm,runner_stop1,1,2015-08,3,2.178489637110155,0.3333333333333333
ebm,runner_stop1,1,2015-09,4,1.3326788021085427,0.5
ebm,runner_stop1,1,2015-10,0,0.0,
ebm,runner_stop1,1,2015-11,2,4.368749492076944,0.0
ebm,runner_stop1,1,2015-12,3,0.4102074596979788,0.6666666666666666
ebm,runner_stop1,1,2016-01,17,2.719295344944757,0.7058823529411765
ebm,runner_stop1,1,2016-02,14,0.286489571357065,0.5
ebm,runner_stop1,1,2016-03,11,2.8903662817363864,0.36363636363636365
ebm,runner_stop1,1,2016-04,8,9.06157277859434,0.5
ebm,runner_stop1,1,2016-05,10,2.355494772115128,0.5
ebm,runner_stop1,1,2016-06,10,6.452944674929855,0.2
ebm,runner_stop1,1,2016-07,4,2.596627448345192,0.5
ebm,runner_stop1,1,2016-08,5,-1.737576410656955,0.4
ebm,runner_stop1,1,2016-09,6,4.225022521805024,0.5
ebm,runner_stop1,1,2016-10,9,-4.9347951401008086,0.6666666666666666
ebm,runner_stop1,1,2016-11,8,1.8943935027910044,0.75
ebm,runner_stop1,1,2016-12,3,1.8389685148897348,0.6666666666666666
ebm,runner_stop1,1,2017-01,1,-0.9999999999999792,1.0
ebm,runner_stop1,1,2017-02,0,0.0,
ebm,runner_stop1,1,2017-03,0,0.0,
ebm,runner_stop1,1,2017-04,1,0.858107202803428,0.0
ebm,runner_stop1,1,2017-05,1,-1.0000000000000246,1.0
ebm,runner_stop1,1,2017-06,1,-0.6638176770876225,0.0
ebm,runner_stop1,1,2017-07,0,0.0,
ebm,runner_stop1,1,2017-08,0,0.0,
ebm,runner_stop1,1,2017-09,0,0.0,
ebm,runner_stop1,1,2017-10,0,0.0,
ebm,runner_stop1,1,2017-11,0,0.0,
ebm,runner_stop1,1,2017-12,1,1.2550101538630325,0.0
ebm,runner_stop1,1,2018-01,0,0.0,
ebm,runner_stop1,1,2018-02,1,2.0042574233232835,0.0
ebm,runner_stop1,1,2018-03,0,0.0,
ebm,runner_stop1,1,2018-04,0,0.0,
ebm,runner_stop1,1,2018-05,1,-0.0829900863504429,0.0
ebm,runner_stop1,1,2018-06,0,0.0,
ebm,runner_stop1,1,2018-07,0,0.0,
ebm,runner_stop1,1,2018-08,0,0.0,
ebm,runner_stop1,1,2018-09,0,0.0,
ebm,runner_stop1,1,2018-10,3,0.3755211985986241,0.3333333333333333
ebm,runner_stop1,1,2018-11,1,2.2531323180006817,0.0
ebm,runner_stop1,1,2018-12,0,0.0,
ebm,runner_stop1,1,2019-01,13,-6.086914005979072,0.7692307692307693
ebm,runner_stop1,1,2019-02,6,3.317666488846436,0.5
ebm,runner_stop1,1,2019-03,12,-1.7852027285548968,0.5
ebm,runner_stop1,1,2019-04,2,1.0736833137212296,0.0
ebm,runner_stop1,1,2019-05,14,-4.567724803646973,0.6428571428571429
ebm,runner_stop1,1,2019-06,7,0.5072697344634305,0.8571428571428571
ebm,runner_stop1,1,2019-07,2,2.5647142885497907,0.5
ebm,runner_stop1,1,2019-08,14,5.9499236803546065,0.42857142857142855
ebm,runner_stop1,1,2019-09,8,0.1981155864072279,0.5
ebm,runner_stop1,1,2019-10,9,-4.464008522344225,0.8888888888888888
ebm,runner_stop1,1,2019-11,3,0.3419328855741904,0.3333333333333333
ebm,runner_stop1,1,2019-12,5,-3.315626772025454,0.8
ebm,runner_stop1,1,2020-01,3,1.504208851313658,0.0
ebm,runner_stop1,1,2020-02,5,-3.5338748854298876,1.0
ebm,runner_stop1,1,2020-03,18,0.3610160581373369,0.7777777777777778
ebm,runner_stop1,1,2020-04,10,-0.9065969732128912,0.6
ebm,runner_stop1,1,2020-05,3,0.0383402207116744,0.6666666666666666
ebm,runner_stop1,1,2020-06,9,3.200849826363624,0.6666666666666666
ebm,runner_stop1,1,2020-07,6,-5.99999999999997,1.0
ebm,runner_stop1,1,2020-08,5,2.211276523681434,0.2
ebm,runner_stop1,1,2020-09,8,-5.149870185598712,0.75
ebm,runner_stop1,1,2020-10,7,-0.1620868024627071,0.7142857142857143
ebm,runner_stop1,1,2020-11,7,-1.6588771374347502,0.5714285714285714
ebm,runner_stop1,1,2020-12,5,-1.8343196527597303,0.4
ebm,fixed60_stop2,2,2014-01,2,-0.2087469658188935,0.0
ebm,fixed60_stop2,2,2014-02,4,-0.7994540182304671,0.0
ebm,fixed60_stop2,2,2014-03,2,0.1768539042593739,0.0
ebm,fixed60_stop2,2,2014-04,2,-1.0736615770759927,0.5
ebm,fixed60_stop2,2,2014-05,5,-1.438991129245622,0.0
ebm,fixed60_stop2,2,2014-06,2,0.7887774855036157,0.0
ebm,fixed60_stop2,2,2014-07,4,0.2275978096220695,0.0
ebm,fixed60_stop2,2,2014-08,2,0.2102729458353757,0.0
ebm,fixed60_stop2,2,2014-09,4,-0.6858275360187424,0.0
ebm,fixed60_stop2,2,2014-10,5,-0.1558862594849613,0.0
ebm,fixed60_stop2,2,2014-11,2,-0.2332934746548677,0.0
ebm,fixed60_stop2,2,2014-12,2,0.8534820906760986,0.0
ebm,fixed60_stop2,2,2015-01,3,1.01735751792231,0.0
ebm,fixed60_stop2,2,2015-02,1,0.0319076386344596,0.0
ebm,fixed60_stop2,2,2015-03,1,0.0155181817597694,0.0
ebm,fixed60_stop2,2,2015-04,4,-0.2585091391452967,0.25
ebm,fixed60_stop2,2,2015-05,2,0.0895297384609321,0.0
ebm,fixed60_stop2,2,2015-06,3,0.2395969798635777,0.0
ebm,fixed60_stop2,2,2015-07,3,1.4987770703205294,0.0
ebm,fixed60_stop2,2,2015-08,3,0.3396156772719865,0.0
ebm,fixed60_stop2,2,2015-09,4,0.017337679949246,0.0
ebm,fixed60_stop2,2,2015-10,0,0.0,
ebm,fixed60_stop2,2,2015-11,2,0.4874778355768916,0.0
ebm,fixed60_stop2,2,2015-12,3,0.2283259979855785,0.0
ebm,fixed60_stop2,2,2016-01,17,1.057651842766788,0.0
ebm,fixed60_stop2,2,2016-02,14,-0.0506174123330211,0.0
ebm,fixed60_stop2,2,2016-03,11,-0.5327599370012565,0.09090909090909091
ebm,fixed60_stop2,2,2016-04,8,0.7894048821196318,0.125
ebm,fixed60_stop2,2,2016-05,10,1.1742957299275334,0.0
ebm,fixed60_stop2,2,2016-06,10,-0.7665908094916589,0.1
ebm,fixed60_stop2,2,2016-07,4,0.4948045414157382,0.0
ebm,fixed60_stop2,2,2016-08,5,-0.8005076485832799,0.0
ebm,fixed60_stop2,2,2016-09,6,-0.0014089126568601,0.0
ebm,fixed60_stop2,2,2016-10,9,-0.722294279607037,0.1111111111111111
ebm,fixed60_stop2,2,2016-11,8,0.2544765935092085,0.125
ebm,fixed60_stop2,2,2016-12,3,0.4307293186971483,0.0
ebm,fixed60_stop2,2,2017-01,1,-0.5288317002939117,0.0
ebm,fixed60_stop2,2,2017-02,0,0.0,
ebm,fixed60_stop2,2,2017-03,0,0.0,
ebm,fixed60_stop2,2,2017-04,1,0.4071533287919569,0.0
ebm,fixed60_stop2,2,2017-05,1,-0.1049866382470066,0.0
ebm,fixed60_stop2,2,2017-06,1,0.3142415322129396,0.0
ebm,fixed60_stop2,2,2017-07,0,0.0,
ebm,fixed60_stop2,2,2017-08,0,0.0,
ebm,fixed60_stop2,2,2017-09,0,0.0,
ebm,fixed60_stop2,2,2017-10,0,0.0,
ebm,fixed60_stop2,2,2017-11,0,0.0,
ebm,fixed60_stop2,2,2017-12,1,0.2252871700647119,0.0
ebm,fixed60_stop2,2,2018-01,0,0.0,
ebm,fixed60_stop2,2,2018-02,1,0.4739243270492608,0.0
ebm,fixed60_stop2,2,2018-03,0,0.0,
ebm,fixed60_stop2,2,2018-04,0,0.0,
ebm,fixed60_stop2,2,2018-05,1,0.0950727363061199,0.0
ebm,fixed60_stop2,2,2018-06,0,0.0,
ebm,fixed60_stop2,2,2018-07,0,0.0,
ebm,fixed60_stop2,2,2018-08,0,0.0,
ebm,fixed60_stop2,2,2018-09,0,0.0,
ebm,fixed60_stop2,2,2018-10,3,-1.458527676120995,0.3333333333333333
ebm,fixed60_stop2,2,2018-11,1,0.1165885723808573,0.0
ebm,fixed60_stop2,2,2018-12,0,0.0,
ebm,fixed60_stop2,2,2019-01,13,-0.8244495894793001,0.07692307692307693
ebm,fixed60_stop2,2,2019-02,6,0.3861279167486771,0.0
ebm,fixed60_stop2,2,2019-03,12,-0.3612598622238035,0.0
ebm,fixed60_stop2,2,2019-04,2,-0.1499089776487625,0.0
ebm,fixed60_stop2,2,2019-05,14,-1.025793218213345,0.0
ebm,fixed60_stop2,2,2019-06,7,1.7518399307235428,0.0
ebm,fixed60_stop2,2,2019-07,2,-0.1216591243829668,0.0
ebm,fixed60_stop2,2,2019-08,14,1.2848915659975368,0.0
ebm,fixed60_stop2,2,2019-09,8,-0.9362084415109734,0.25
ebm,fixed60_stop2,2,2019-10,9,0.3495732954881396,0.0
ebm,fixed60_stop2,2,2019-11,3,-0.6426545287083223,0.0
ebm,fixed60_stop2,2,2019-12,5,-2.6288484653283386,0.4
ebm,fixed60_stop2,2,2020-01,3,0.0843077265515429,0.0
ebm,fixed60_stop2,2,2020-02,5,-1.0296232898209974,0.0
ebm,fixed60_stop2,2,2020-03,18,-0.105474711710923,0.05555555555555555
ebm,fixed60_stop2,2,2020-04,10,-0.6767346272969661,0.0
ebm,fixed60_stop2,2,2020-05,3,0.4656987993914984,0.0
ebm,fixed60_stop2,2,2020-06,9,0.776894459320032,0.0
ebm,fixed60_stop2,2,2020-07,6,-1.5228859275800195,0.0
ebm,fixed60_stop2,2,2020-08,5,1.002693422884007,0.0
ebm,fixed60_stop2,2,2020-09,8,-0.0784916034208536,0.0
ebm,fixed60_stop2,2,2020-10,7,-0.4674351294528052,0.0
ebm,fixed60_stop2,2,2020-11,7,1.3334308576718068,0.0
ebm,fixed60_stop2,2,2020-12,5,-1.988381854284143,0.2
ebm,fixed60_stop1,2,2014-01,2,-0.4136616151946829,0.0
ebm,fixed60_stop1,2,2014-02,4,-1.3757324637946824,0.5
ebm,fixed60_stop1,2,2014-03,2,0.3525530964951731,0.0
ebm,fixed60_stop1,2,2014-04,2,-1.1458041801704368,0.5
ebm,fixed60_stop1,2,2014-05,5,-2.941205208281604,0.2
ebm,fixed60_stop1,2,2014-06,2,1.5537129395791238,0.0
ebm,fixed60_stop1,2,2014-07,4,0.2350327102209402,0.25
ebm,fixed60_stop1,2,2014-08,2,0.4174755084026122,0.0
ebm,fixed60_stop1,2,2014-09,4,-2.089015720542887,0.5
ebm,fixed60_stop1,2,2014-10,5,-1.3015149820376823,0.4
ebm,fixed60_stop1,2,2014-11,2,-0.4602317434066273,0.0
ebm,fixed60_stop1,2,2014-12,2,1.684091829424996,0.0
ebm,fixed60_stop1,2,2015-01,3,2.0232238043323116,0.0
ebm,fixed60_stop1,2,2015-02,1,0.0630369059093516,0.0
ebm,fixed60_stop1,2,2015-03,1,0.0307650164547518,0.0
ebm,fixed60_stop1,2,2015-04,4,0.4656117615267803,0.25
ebm,fixed60_stop1,2,2015-05,2,0.1774371604809858,0.0
ebm,fixed60_stop1,2,2015-06,3,0.4740008104523329,0.0
ebm,fixed60_stop1,2,2015-07,3,2.969652120793773,0.0
ebm,fixed60_stop1,2,2015-08,3,0.6721831046253686,0.0
ebm,fixed60_stop1,2,2015-09,4,-0.2534798941706218,0.25
ebm,fixed60_stop1,2,2015-10,0,0.0,
ebm,fixed60_stop1,2,2015-11,2,0.9644011276758736,0.0
ebm,fixed60_stop1,2,2015-12,3,-0.4279672839759212,0.3333333333333333
ebm,fixed60_stop1,2,2016-01,17,2.0859970381211426,0.17647058823529413
ebm,fixed60_stop1,2,2016-02,14,-1.4666557892750225,0.14285714285714285
ebm,fixed60_stop1,2,2016-03,11,-0.2681888427220379,0.18181818181818182
ebm,fixed60_stop1,2,2016-04,8,2.3343001492633237,0.375
ebm,fixed60_stop1,2,2016-05,10,-0.2625650501758609,0.4
ebm,fixed60_stop1,2,2016-06,10,-0.5338087159062046,0.1
ebm,fixed60_stop1,2,2016-07,4,1.4711344760210334,0.25
ebm,fixed60_stop1,2,2016-08,5,-1.61533862744122,0.4
ebm,fixed60_stop1,2,2016-09,6,0.2299989285412584,0.3333333333333333
ebm,fixed60_stop1,2,2016-10,9,-0.4484993525373716,0.1111111111111111
ebm,fixed60_stop1,2,2016-11,8,1.2982232934973783,0.375
ebm,fixed60_stop1,2,2016-12,3,0.438644670188331,0.3333333333333333
ebm,fixed60_stop1,2,2017-01,1,-1.000000000000015,1.0
ebm,fixed60_stop1,2,2017-02,0,0.0,
ebm,fixed60_stop1,2,2017-03,0,0.0,
ebm,fixed60_stop1,2,2017-04,1,0.8060982671240238,0.0
ebm,fixed60_stop1,2,2017-05,1,-0.208138965947144,0.0
ebm,fixed60_stop1,2,2017-06,1,0.621475343466946,0.0
ebm,fixed60_stop1,2,2017-07,0,0.0,
ebm,fixed60_stop1,2,2017-08,0,0.0,
ebm,fixed60_stop1,2,2017-09,0,0.0,
ebm,fixed60_stop1,2,2017-10,0,0.0,
ebm,fixed60_stop1,2,2017-11,0,0.0,
ebm,fixed60_stop1,2,2017-12,1,0.447496009033055,0.0
ebm,fixed60_stop1,2,2018-01,0,0.0,
ebm,fixed60_stop1,2,2018-02,1,0.9395030722177756,0.0
ebm,fixed60_stop1,2,2018-03,0,0.0,
ebm,fixed60_stop1,2,2018-04,0,0.0,
ebm,fixed60_stop1,2,2018-05,1,0.1886558430198976,0.0
ebm,fixed60_stop1,2,2018-06,0,0.0,
ebm,fixed60_stop1,2,2018-07,0,0.0,
ebm,fixed60_stop1,2,2018-08,0,0.0,
ebm,fixed60_stop1,2,2018-09,0,0.0,
ebm,fixed60_stop1,2,2018-10,3,-1.9103019415210352,0.3333333333333333
ebm,fixed60_stop1,2,2018-11,1,0.2314932782736228,0.0
ebm,fixed60_stop1,2,2018-12,0,0.0,
ebm,fixed60_stop1,2,2019-01,13,-0.7519980225766785,0.23076923076923078
ebm,fixed60_stop1,2,2019-02,6,0.7679147698014764,0.0
ebm,fixed60_stop1,2,2019-03,12,-0.7241030032666195,0.16666666666666666
ebm,fixed60_stop1,2,2019-04,2,-0.2936119127862804,0.0
ebm,fixed60_stop1,2,2019-05,14,-4.96604961687423,0.5
ebm,fixed60_stop1,2,2019-06,7,3.4728820652383434,0.0
ebm,fixed60_stop1,2,2019-07,2,-0.2399892099996463,0.0
ebm,fixed60_stop1,2,2019-08,14,2.993505483082909,0.07142857142857142
ebm,fixed60_stop1,2,2019-09,8,0.1076998155363399,0.25
ebm,fixed60_stop1,2,2019-10,9,0.410154583504779,0.2222222222222222
ebm,fixed60_stop1,2,2019-11,3,-1.269349088852731,0.0
ebm,fixed60_stop1,2,2019-12,5,-3.172733689910643,0.6
ebm,fixed60_stop1,2,2020-01,3,0.1676919921092496,0.0
ebm,fixed60_stop1,2,2020-02,5,-3.278796785024116,0.8
ebm,fixed60_stop1,2,2020-03,18,0.5952564650429419,0.16666666666666666
ebm,fixed60_stop1,2,2020-04,10,-2.649836639664324,0.5
ebm,fixed60_stop1,2,2020-05,3,0.9260586694067184,0.0
ebm,fixed60_stop1,2,2020-06,9,1.5490272425182623,0.0
ebm,fixed60_stop1,2,2020-07,6,-1.7621603497375156,0.5
ebm,fixed60_stop1,2,2020-08,5,1.9938290766648832,0.0
ebm,fixed60_stop1,2,2020-09,8,-0.3765982264131606,0.125
ebm,fixed60_stop1,2,2020-10,7,-0.8056011598348547,0.2857142857142857
ebm,fixed60_stop1,2,2020-11,7,2.6504858791030825,0.0
ebm,fixed60_stop1,2,2020-12,5,-2.6045849490754636,0.4
ebm,runner_stop1,2,2014-01,2,-0.6750875913432994,0.5
ebm,runner_stop1,2,2014-02,4,-1.5263921386892103,0.75
ebm,runner_stop1,2,2014-03,2,1.4416280607345282,0.0
ebm,runner_stop1,2,2014-04,2,-0.3730638849651608,0.5
ebm,runner_stop1,2,2014-05,5,0.6406418693864986,0.4
ebm,runner_stop1,2,2014-06,2,3.3054699762010946,0.0
ebm,runner_stop1,2,2014-07,4,1.3120036409142295,0.25
ebm,runner_stop1,2,2014-08,2,0.5682473883808676,0.5
ebm,runner_stop1,2,2014-09,4,-0.094780565671421,0.5
ebm,runner_stop1,2,2014-10,5,-2.6799454739732975,0.8
ebm,runner_stop1,2,2014-11,2,-1.4580803405870526,0.5
ebm,runner_stop1,2,2014-12,2,-0.4851155722248678,1.0
ebm,runner_stop1,2,2015-01,3,-1.560171403673559,1.0
ebm,runner_stop1,2,2015-02,1,3.576370584406141,0.0
ebm,runner_stop1,2,2015-03,1,1.472359953067015,0.0
ebm,runner_stop1,2,2015-04,4,-0.0979241401755338,0.75
ebm,runner_stop1,2,2015-05,2,1.1102624638224383,0.0
ebm,runner_stop1,2,2015-06,3,-1.6652961896972842,0.3333333333333333
ebm,runner_stop1,2,2015-07,3,4.361510299688389,0.3333333333333333
ebm,runner_stop1,2,2015-08,3,2.1079085932208987,0.3333333333333333
ebm,runner_stop1,2,2015-09,4,-0.6424281320834941,0.75
ebm,runner_stop1,2,2015-10,0,0.0,
ebm,runner_stop1,2,2015-11,2,4.194430844357651,0.0
ebm,runner_stop1,2,2015-12,3,0.3694807766437831,0.6666666666666666
ebm,runner_stop1,2,2016-01,17,2.345383703341815,0.7058823529411765
ebm,runner_stop1,2,2016-02,14,-0.9992376578993378,0.5
ebm,runner_stop1,2,2016-03,11,2.384451062598241,0.45454545454545453
ebm,runner_stop1,2,2016-04,8,7.626846615210525,0.5
ebm,runner_stop1,2,2016-05,10,0.2610415192441915,0.6
ebm,runner_stop1,2,2016-06,10,4.8659179456777775,0.3
ebm,runner_stop1,2,2016-07,4,2.365281981684601,0.5
ebm,runner_stop1,2,2016-08,5,-1.9282579512372968,0.4
ebm,runner_stop1,2,2016-09,6,3.979230567421158,0.5
ebm,runner_stop1,2,2016-10,9,-5.19757117051186,0.6666666666666666
ebm,runner_stop1,2,2016-11,8,1.501754870337951,0.75
ebm,runner_stop1,2,2016-12,3,1.6788180195505114,0.6666666666666666
ebm,runner_stop1,2,2017-01,1,-1.000000000000015,1.0
ebm,runner_stop1,2,2017-02,0,0.0,
ebm,runner_stop1,2,2017-03,0,0.0,
ebm,runner_stop1,2,2017-04,1,0.7889304724919969,0.0
ebm,runner_stop1,2,2017-05,1,-1.0000000000000338,1.0
ebm,runner_stop1,2,2017-06,1,-0.7232877772297378,0.0
ebm,runner_stop1,2,2017-07,0,0.0,
ebm,runner_stop1,2,2017-08,0,0.0,
ebm,runner_stop1,2,2017-09,0,0.0,
ebm,runner_stop1,2,2017-10,0,0.0,
ebm,runner_stop1,2,2017-11,0,0.0,
ebm,runner_stop1,2,2017-12,1,1.2053794338667083,0.0
ebm,runner_stop1,2,2018-01,0,0.0,
ebm,runner_stop1,2,2018-02,1,1.93367986408988,0.0
ebm,runner_stop1,2,2018-03,0,0.0,
ebm,runner_stop1,2,2018-04,0,0.0,
ebm,runner_stop1,2,2018-05,1,-0.1293431074786093,0.0
ebm,runner_stop1,2,2018-06,0,0.0,
ebm,runner_stop1,2,2018-07,0,0.0,
ebm,runner_stop1,2,2018-08,0,0.0,
ebm,runner_stop1,2,2018-09,0,0.0,
ebm,runner_stop1,2,2018-10,3,0.289208356370553,0.3333333333333333
ebm,runner_stop1,2,2018-11,1,2.1934190957426587,0.0
ebm,runner_stop1,2,2018-12,0,0.0,
ebm,runner_stop1,2,2019-01,13,-6.3419249716757955,0.7692307692307693
ebm,runner_stop1,2,2019-02,6,3.032227870252854,0.5
ebm,runner_stop1,2,2019-03,12,-2.141399868863405,0.5
ebm,runner_stop1,2,2019-04,2,0.902103415875839,0.0
ebm,runner_stop1,2,2019-05,14,-4.862262863528689,0.6428571428571429
ebm,runner_stop1,2,2019-06,7,0.3064675404102193,0.8571428571428571
ebm,runner_stop1,2,2019-07,2,2.44796014893495,0.5
ebm,runner_stop1,2,2019-08,14,5.460423951694766,0.42857142857142855
ebm,runner_stop1,2,2019-09,8,-0.0651605536259709,0.5
ebm,runner_stop1,2,2019-10,9,-4.628474774833407,0.8888888888888888
ebm,runner_stop1,2,2019-11,3,0.1852252642426006,0.3333333333333333
ebm,runner_stop1,2,2019-12,5,-3.492749252176745,0.8
ebm,runner_stop1,2,2020-01,3,1.3291211747798446,0.0
ebm,runner_stop1,2,2020-02,5,-3.571725449129258,1.0
ebm,runner_stop1,2,2020-03,18,0.2380602617895226,0.7777777777777778
ebm,runner_stop1,2,2020-04,10,-1.5397792506946737,0.7
ebm,runner_stop1,2,2020-05,3,-0.0512263520379893,0.6666666666666666
ebm,runner_stop1,2,2020-06,9,3.023757560730794,0.6666666666666666
ebm,runner_stop1,2,2020-07,6,-5.99999999999995,1.0
ebm,runner_stop1,2,2020-08,5,0.8470439857102707,0.4
ebm,runner_stop1,2,2020-09,8,-5.1956431927971884,0.75
ebm,runner_stop1,2,2020-10,7,-0.3379990208205889,0.7142857142857143
ebm,runner_stop1,2,2020-11,7,-1.790343302640017,0.5714285714285714
ebm,runner_stop1,2,2020-12,5,-1.9975843034543477,0.4
