model,variant,stress,year,trades,net_r,expectancy_r,pf,win_rate,max_loss_streak,remove_top2_net_r,trade_equity_dd_r,stop_rate
ebm,fixed60_stop2,1,2014,36,-1.264355754154299,-0.0351209931709527,0.7753965645668534,0.4444444444444444,6,-2.7565962883806248,3.0107716958653836,0.027777777777777776
ebm,fixed60_stop2,1,2015,29,4.412215112958253,0.1521453487226984,3.3813876156126548,0.8275862068965517,2,2.766069264373453,1.000000000000011,0.034482758620689655
ebm,fixed60_stop2,1,2016,105,3.917203308095934,0.0373066981723422,1.2444256655218489,0.5714285714285714,4,1.2351575196431714,2.1574157763997226,0.047619047619047616
ebm,fixed60_stop2,1,2017,5,0.4628707106572999,0.0925741421314599,1.8064748435113192,0.6,1,-0.3271567848491223,0.4950449811897469,0.0
ebm,fixed60_stop2,1,2018,6,-0.6624415213487939,-0.1104069202247989,0.53461823091324,0.5,3,-1.3041981048960312,1.4234367681586095,0.16666666666666666
ebm,fixed60_stop2,1,2019,95,-0.5428323487741111,-0.005714024723938,0.964802287902202,0.5157894736842106,5,-2.409638278331054,3.517872928401696,0.042105263157894736
ebm,fixed60_stop2,1,2020,86,-0.9904947029547916,-0.0115173802669161,0.930567089880017,0.4534883720930232,6,-2.596273040935169,2.3951255813475107,0.023255813953488372
ebm,fixed60_stop1,1,2014,36,-3.7791895919569742,-0.1049774886654715,0.6967118433057442,0.4444444444444444,6,-6.739807812294101,5.686961678892196,0.25
ebm,fixed60_stop1,1,2015,29,8.552269762373077,0.2949058538749337,3.1790127126451413,0.8275862068965517,2,5.273172381031468,1.0671487918922151,0.10344827586206896
ebm,fixed60_stop1,1,2016,105,9.584333677546542,0.0912793683575861,1.3266765016157924,0.5523809523809524,5,4.257961230537352,4.296776431449699,0.20952380952380953
ebm,fixed60_stop1,1,2017,5,0.9064016705383922,0.1812803341076784,1.7833384134886463,0.6,1,-0.6652259313867164,0.9999999999999792,0.2
ebm,fixed60_stop1,1,2018,6,-0.328138476438692,-0.0546897460731153,0.822022755477904,0.5,3,-1.6061744701125864,1.843710286221188,0.16666666666666666
ebm,fixed60_stop1,1,2019,95,0.9117989234332236,0.0095978834045602,1.0317430931126388,0.5157894736842106,5,-2.806917149768773,6.275588885318718,0.2
ebm,fixed60_stop1,1,2020,86,-1.3629794477078687,-0.0158485982291612,0.9510570098992828,0.4534883720930232,6,-4.564755850926078,5.939896923949185,0.22093023255813954
ebm,runner_stop1,1,2014,36,1.4712733074375943,0.0408687029843776,1.089700386874206,0.5277777777777778,6,-2.7835309794328653,5.761489111839946,0.5
ebm,runner_stop1,1,2015,29,16.756434523034336,0.577808087001184,2.846261516693935,0.6206896551724138,1,9.262598967945742,1.5166674862589151,0.4827586206896552
ebm,runner_stop1,1,2016,105,27.64880386075072,0.2633219415309592,1.647259217711132,0.5238095238095238,4,18.696855791063747,6.331041052269821,0.5238095238095238
ebm,runner_stop1,1,2017,5,-0.550700320421166,-0.1101400640842332,0.7932665117594491,0.4,2,-2.6638176770876267,1.8057104742841985,0.4
ebm,runner_stop1,1,2018,6,4.5499208535721465,0.7583201422620244,3.903822386140054,0.5,2,0.2925311122481813,1.483882899851786,0.16666666666666666
ebm,runner_stop1,1,2019,95,-6.266170854633708,-0.0659596932066706,0.8703427272123152,0.4421052631578947,4,-12.8685162635018,9.437702408795442,0.6105263157894737
ebm,runner_stop1,1,2020,86,-11.929934156690926,-0.1387201646126852,0.7495132598554268,0.3837209302325581,9,-18.616737031405975,15.986361506308477,0.6627906976744186
ebm,fixed60_stop2,2,2014,36,-2.3388767246330135,-0.0649687979064726,0.6249748288054644,0.3888888888888889,6,-3.722730870294825,3.36724809092269,0.027777777777777776
ebm,fixed60_stop2,2,2015,29,3.706935178599985,0.1278253509862063,2.958676383463131,0.8275862068965517,2,2.115668543323608,1.0000000000000184,0.034482758620689655
ebm,fixed60_stop2,2,2016,105,1.3271839087629331,0.0126398467501231,1.077988483698296,0.5523809523809524,4,-1.252220814033885,2.707596889520783,0.047619047619047616
ebm,fixed60_stop2,2,2017,5,0.3128636925286902,0.062572738505738,1.4936172930068865,0.6,1,-0.4085311684762063,0.5288317002939117,0.0
ebm,fixed60_stop2,2,2018,6,-0.7729420403847572,-0.1288236733974595,0.4700532235079535,0.5,3,-1.3634549398148754,1.458527676120995,0.16666666666666666
ebm,fixed60_stop2,2,2019,95,-2.918349498537916,-0.0307194684056622,0.82386930224808,0.4947368421052631,5,-4.7301802459243385,4.063675699115638,0.05263157894736842
ebm,fixed60_stop2,2,2020,86,-2.206001877747821,-0.0256511846249746,0.8518519178474433,0.4186046511627907,6,-3.771038172985501,2.78535193866675,0.023255813953488372
ebm,fixed60_stop1,2,2014,36,-5.484299829305757,-0.1523416619251599,0.584360000293457,0.3888888888888889,6,-8.208465550918081,7.168391658730753,0.25
ebm,fixed60_stop1,2,2015,29,7.1588646341049875,0.246857401176034,2.8132459803534937,0.8275862068965517,2,4.001528480847104,1.2371722472862343,0.10344827586206896
ebm,fixed60_stop1,2,2016,105,3.263242177574752,0.0310784969292833,1.100523091245082,0.5333333333333333,5,-1.8242656549782643,4.723879869104687,0.23809523809523808
ebm,fixed60_stop1,2,2017,5,0.6669306536768653,0.133386130735373,1.5520314073753956,0.6,1,-0.7606429569141042,1.000000000000015,0.2
ebm,fixed60_stop1,2,2018,6,-0.5506497480097396,-0.0917749580016232,0.711747270920273,0.5,3,-1.7216460985011377,1.9103019415210356,0.16666666666666666
ebm,fixed60_stop1,2,2019,95,-3.665677827102982,-0.0385860823905577,0.880773117867338,0.4947368421052631,5,-7.260662184992739,7.4175368497080125,0.21052631578947367
ebm,fixed60_stop1,2,2020,86,-3.595228784904296,-0.0418049858709801,0.8753516623245837,0.4186046511627907,6,-6.706552628971452,6.467871629932281,0.23255813953488372
ebm,runner_stop1,2,2014,36,-0.024474631837091,-0.0006798508843636,0.9985129109026928,0.5277777777777778,6,-4.082020219096795,5.943195912811923,0.5
ebm,runner_stop1,2,2015,29,13.226503649576442,0.4560863327440152,2.2482388780845,0.5517241379310345,3,5.929380139764605,3.000000000000007,0.4827586206896552
ebm,runner_stop1,2,2016,105,18.883659505418276,0.1798443762420788,1.3997294711775434,0.4761904761904761,7,10.236371572857388,6.694263826857034,0.5523809523809524
ebm,runner_stop1,2,2017,5,-0.7289778708710817,-0.1457955741742163,0.7323169894249588,0.4,2,-2.7232877772297868,1.93435730473779,0.4
ebm,runner_stop1,2,2018,6,4.286964208724482,0.7144940347874137,3.622116345421057,0.5,2,0.1598652488919436,1.5055821376237724,0.16666666666666666
ebm,runner_stop1,2,2019,95,-9.197564093292783,-0.096816464139924,0.811296333338403,0.4210526315789473,6,-15.603571089344628,9.93599876276756,0.6105263157894737
ebm,runner_stop1,2,2020,86,-15.04631788856358,-0.1749571847507393,0.6953847900730886,0.3720930232558139,9,-21.60532769575795,17.599444679766336,0.686046511627907
