scope,feature,mean_abs_contribution,mean_contribution
all_test,ret_1,0.017074430305434603,-1.5768746443537405e-05
all_test,ret_2,0.009109988443299799,-0.00014539171767649045
all_test,ret_4,0.010205741412212645,-0.0001785725622010381
all_test,ret_8,0.01905256056732743,0.0007757888617994508
all_test,vol_8,0.013015357250688902,-0.0003205908855387576
all_test,body,0.013428868607592917,-5.0277814391865875e-05
all_test,range,0.013333249054266165,-0.00028063212486003497
all_test,mean_distance,0.006183643075624427,-4.808714582966845e-06
all_test,range_position,0.017894258340537837,0.0006301718906593926
all_test,atr_fraction,0.017913600287616703,-0.0028923332969105877
all_test,time_sin,0.006441050324377839,-1.6871621211682951e-06
all_test,time_cos,0.006732126935009567,-1.1969315507796435e-06
all_test,time_combined,0.011582583955206872,-2.884093671947773e-06
selected_entries,ret_1,0.02164166575114986,-0.006478415171417019
selected_entries,ret_2,0.013895595094514056,-0.0026063251728758504
selected_entries,ret_4,0.01373328967101958,-0.0023303108763475518
selected_entries,ret_8,0.025016612263461153,0.007527632066747506
selected_entries,vol_8,0.018109927097517978,0.003114465352884304
selected_entries,body,0.018784510591775584,0.004628512870793019
selected_entries,range,0.029010245020527077,0.018426321822330664
selected_entries,mean_distance,0.008703515263198404,0.002064212882439905
selected_entries,range_position,0.026956718230078766,0.011102796111380245
selected_entries,atr_fraction,0.018961587310279027,0.0010001014703811945
selected_entries,time_sin,0.008543385296759302,-0.0021569594896076443
selected_entries,time_cos,0.007727039547294331,0.00011975519472899116
selected_entries,time_combined,0.015214689466925451,-0.0020372042948786527
