control,variant,stress,risk_pct,candidate_return_pct,candidate_dd_pct,candidate_net_r,p_upper_return,p_upper_net_r,return_percentile,primary
random_direction,fixed60_stop2,1,1.0,5.144993023454436,6.027254104983032,5.332164804479494,0.019490254872563718,0.019490254872563718,98.1,False
random_direction,fixed60_stop2,1,2.0,9.859735462829388,11.72991996422311,5.332164804479494,0.019490254872563718,0.019490254872563718,98.1,False
random_direction,fixed60_stop2,1,3.0,14.063644624939897,17.123564163381175,5.332164804479494,0.019490254872563718,0.019490254872563718,98.1,False
random_direction,fixed60_stop2,1,4.0,17.682278340797943,22.223081576814604,5.332164804479494,0.019490254872563718,0.019490254872563718,98.1,False
random_direction,fixed60_stop2,1,5.0,20.64946435831796,27.04272282396689,5.332164804479494,0.019490254872563718,0.019490254872563718,98.1,False
random_entry,fixed60_stop2,1,1.0,5.144993023454436,6.027254104983032,5.332164804479494,0.017991004497751123,0.018490754622688656,98.25,False
random_entry,fixed60_stop2,1,2.0,9.859735462829388,11.72991996422311,5.332164804479494,0.01899050474762619,0.018490754622688656,98.15,False
random_entry,fixed60_stop2,1,3.0,14.063644624939897,17.123564163381175,5.332164804479494,0.01899050474762619,0.018490754622688656,98.15,False
random_entry,fixed60_stop2,1,4.0,17.682278340797943,22.223081576814604,5.332164804479494,0.01899050474762619,0.018490754622688656,98.15,False
random_entry,fixed60_stop2,1,5.0,20.64946435831796,27.04272282396689,5.332164804479494,0.018490754622688656,0.018490754622688656,98.2,False
random_direction,fixed60_stop1,1,1.0,14.35842029688037,10.84543956725497,14.4844965177877,0.013993003498250875,0.013493253373313344,98.65,False
random_direction,fixed60_stop1,1,2.0,28.029349498934806,20.700400095741447,14.4844965177877,0.013993003498250875,0.013493253373313344,98.65,False
random_direction,fixed60_stop1,1,3.0,40.34238982817841,29.63292107110687,14.4844965177877,0.013993003498250875,0.013493253373313344,98.65,False
random_direction,fixed60_stop1,1,4.0,50.64753667800972,37.70890089586946,14.4844965177877,0.013993003498250875,0.013493253373313344,98.65,False
random_direction,fixed60_stop1,1,5.0,58.371309836266725,44.99187333237918,14.4844965177877,0.013993003498250875,0.013493253373313344,98.65,False
random_entry,fixed60_stop1,1,1.0,14.35842029688037,10.84543956725497,14.4844965177877,0.00849575212393803,0.00849575212393803,99.2,False
random_entry,fixed60_stop1,1,2.0,28.029349498934806,20.700400095741447,14.4844965177877,0.00849575212393803,0.00849575212393803,99.2,False
random_entry,fixed60_stop1,1,3.0,40.34238982817841,29.63292107110687,14.4844965177877,0.00849575212393803,0.00849575212393803,99.2,False
random_entry,fixed60_stop1,1,4.0,50.64753667800972,37.70890089586946,14.4844965177877,0.00849575212393803,0.00849575212393803,99.2,False
random_entry,fixed60_stop1,1,5.0,58.371309836266725,44.99187333237918,14.4844965177877,0.00849575212393803,0.00849575212393803,99.2,False
random_direction,runner_stop1,1,1.0,26.93471156366214,21.54473823709231,26.640678334428344,0.03698150924537731,0.037481259370314844,96.35000000000001,True
random_direction,runner_stop1,1,2.0,52.54395984932747,39.14701198678928,26.640678334428344,0.03698150924537731,0.037481259370314844,96.35000000000001,False
random_direction,runner_stop1,1,3.0,73.81701641021725,53.330427461143856,26.640678334428344,0.03698150924537731,0.037481259370314844,96.35000000000001,False
random_direction,runner_stop1,1,4.0,88.03969406232086,64.60653871531892,26.640678334428344,0.03698150924537731,0.037481259370314844,96.35000000000001,False
random_direction,runner_stop1,1,5.0,93.36621128914197,73.45477795583616,26.640678334428344,0.03648175912043978,0.037481259370314844,96.39999999999999,False
random_entry,runner_stop1,1,1.0,26.93471156366214,21.54473823709231,26.640678334428344,0.030484757621189407,0.031984007996002,97.0,True
random_entry,runner_stop1,1,2.0,52.54395984932747,39.14701198678928,26.640678334428344,0.02948525737131434,0.031984007996002,97.1,False
random_entry,runner_stop1,1,3.0,73.81701641021725,53.330427461143856,26.640678334428344,0.028985507246376812,0.031984007996002,97.15,False
random_entry,runner_stop1,1,4.0,88.03969406232086,64.60653871531892,26.640678334428344,0.027486256871564217,0.031984007996002,97.3,False
random_entry,runner_stop1,1,5.0,93.36621128914197,73.45477795583616,26.640678334428344,0.027486256871564217,0.031984007996002,97.3,False
random_direction,fixed60_stop2,2,1.0,-3.1477114364839687,7.575627061975145,-2.8891873614119006,0.019490254872563718,0.019490254872563718,98.1,False
random_direction,fixed60_stop2,2,2.0,-6.775241899815276,14.817799537758317,-2.8891873614119006,0.019490254872563718,0.019490254872563718,98.1,False
random_direction,fixed60_stop2,2,3.0,-10.821893272512828,21.77857124580229,-2.8891873614119006,0.019490254872563718,0.019490254872563718,98.1,False
random_direction,fixed60_stop2,2,4.0,-15.221839170843133,28.503442230684684,-2.8891873614119006,0.019490254872563718,0.019490254872563718,98.1,False
random_direction,fixed60_stop2,2,5.0,-19.905871318181823,34.91342404831026,-2.8891873614119006,0.019490254872563718,0.019490254872563718,98.1,False
random_entry,fixed60_stop2,2,1.0,-3.1477114364839687,7.575627061975145,-2.8891873614119006,0.005497251374312844,0.005497251374312844,99.5,False
random_entry,fixed60_stop2,2,2.0,-6.775241899815276,14.817799537758317,-2.8891873614119006,0.005497251374312844,0.005497251374312844,99.5,False
random_entry,fixed60_stop2,2,3.0,-10.821893272512828,21.77857124580229,-2.8891873614119006,0.004997501249375313,0.005497251374312844,99.55000000000001,False
random_entry,fixed60_stop2,2,4.0,-15.221839170843133,28.503442230684684,-2.8891873614119006,0.004997501249375313,0.005497251374312844,99.55000000000001,False
random_entry,fixed60_stop2,2,5.0,-19.905871318181823,34.91342404831026,-2.8891873614119006,0.004997501249375313,0.005497251374312844,99.55000000000001,False
random_direction,fixed60_stop1,2,1.0,-3.190402960656491,12.369632973335822,-2.206818723966169,0.013993003498250875,0.013993003498250875,98.65,False
random_direction,fixed60_stop1,2,2.0,-8.193564380563123,23.398198906949553,-2.206818723966169,0.013993003498250875,0.013993003498250875,98.65,False
random_direction,fixed60_stop1,2,3.0,-14.708654657695398,33.347798078159144,-2.206818723966169,0.013993003498250875,0.013993003498250875,98.65,False
random_direction,fixed60_stop1,2,4.0,-22.366916137419512,43.17874355873704,-2.206818723966169,0.013993003498250875,0.013993003498250875,98.65,False
random_direction,fixed60_stop1,2,5.0,-30.765268752051476,52.33756551317767,-2.206818723966169,0.013993003498250875,0.013993003498250875,98.65,False
random_entry,fixed60_stop1,2,1.0,-3.190402960656491,12.369632973335822,-2.206818723966169,0.0024987506246876563,0.0024987506246876563,99.8,False
random_entry,fixed60_stop1,2,2.0,-8.193564380563123,23.398198906949553,-2.206818723966169,0.0024987506246876563,0.0024987506246876563,99.8,False
random_entry,fixed60_stop1,2,3.0,-14.708654657695398,33.347798078159144,-2.206818723966169,0.0024987506246876563,0.0024987506246876563,99.8,False
random_entry,fixed60_stop1,2,4.0,-22.366916137419512,43.17874355873704,-2.206818723966169,0.0024987506246876563,0.0024987506246876563,99.8,False
random_entry,fixed60_stop1,2,5.0,-30.765268752051476,52.33756551317767,-2.206818723966169,0.0024987506246876563,0.0024987506246876563,99.8,False
random_direction,runner_stop1,2,1.0,4.004239874831095,24.686660123728235,6.6175079813828255,0.049475262368815595,0.049475262368815595,95.1,False
random_direction,runner_stop1,2,2.0,2.5987055627561872,44.69106397397052,6.6175079813828255,0.04897551224387806,0.049475262368815595,95.15,False
random_direction,runner_stop1,2,3.0,-3.873146799536853,60.379329976064675,6.6175079813828255,0.049475262368815595,0.049475262368815595,95.1,False
random_direction,runner_stop1,2,4.0,-14.361793523142264,72.30623122487474,6.6175079813828255,0.04897551224387806,0.049475262368815595,95.15,False
random_direction,runner_stop1,2,5.0,-27.379239343559558,81.10758893568983,6.6175079813828255,0.04847576211894053,0.049475262368815595,95.19999999999999,False
random_entry,runner_stop1,2,1.0,4.004239874831095,24.686660123728235,6.6175079813828255,0.020989505247376312,0.020989505247376312,97.95,False
random_entry,runner_stop1,2,2.0,2.5987055627561872,44.69106397397052,6.6175079813828255,0.01899050474762619,0.020989505247376312,98.15,False
random_entry,runner_stop1,2,3.0,-3.873146799536853,60.379329976064675,6.6175079813828255,0.018490754622688656,0.020989505247376312,98.2,False
random_entry,runner_stop1,2,4.0,-14.361793523142264,72.30623122487474,6.6175079813828255,0.018490754622688656,0.020989505247376312,98.2,False
random_entry,runner_stop1,2,5.0,-27.379239343559558,81.10758893568983,6.6175079813828255,0.018490754622688656,0.020989505247376312,98.2,False
